Customer ID,Age,Gender,Product Category,Quantity,Price,Purchase Date,Payment Method
CUST0155,27,Other,Clothing,5,162.61,2025-02-26 19:00:00,Debit Card
CUST0198,69,Other,Sports,5,58.49,2025-04-16 12:00:00,Debit Card
CUST0091,48,Female,Electronics,3,1073.73,2025-03-14 11:00:00,Cash
CUST0054,18,Male,Clothing,4,174.0,2025-06-06 14:00:00,Cash
CUST0129,26,Female,Electronics,5,1042.03,2025-03-13 15:00:00,Debit Card
CUST0084,62,Male,Sports,4,65.21,2025-02-05 17:00:00,Credit Card
CUST0121,64,Female,Beauty,4,79.23,2025-05-27 09:00:00,Debit Card
CUST0186,18,Male,Books,4,7.87,2025-03-19 09:00:00,Debit Card
CUST0109,47,Female,Home & Kitchen,3,185.37,2025-06-06 10:00:00,UPI
CUST0103,61,Male,Sports,5,84.45,2025-09-04 14:00:00,Credit Card
CUST0147,32,Female,Electronics,5,1243.76,2025-01-22 20:00:00,Cash
CUST0125,61,Other,Home & Kitchen,3,389.3,2025-10-13 12:00:00,Debit Card
CUST0117,22,Other,Sports,5,33.23,2025-02-28 15:00:00,Debit Card
CUST0012,33,Male,Clothing,2,128.14,2025-08-05 18:00:00,UPI
CUST0163,60,Male,Electronics,3,1111.26,2025-07-22 11:00:00,Debit Card
CUST0140,44,Female,Books,4,47.95,2025-01-09 17:00:00,Credit Card
CUST0001,21,Female,Electronics,4,811.19,2025-08-09 10:00:00,Debit Card
CUST0184,48,Male,Sports,4,137.15,2025-03-16 21:00:00,UPI
CUST0052,29,Female,Clothing,1,160.76,2025-09-10 12:00:00,Debit Card
CUST0110,37,Female,Home & Kitchen,4,304.68,2025-03-27 22:00:00,UPI
CUST0145,21,Male,Electronics,5,1326.2,2025-05-16 14:00:00,Cash
CUST0182,66,Female,Beauty,1,58.71,2025-04-23 12:00:00,Credit Card
CUST0080,60,Male,Sports,3,103.69,2025-03-16 10:00:00,Cash
CUST0180,56,Male,Electronics,1,322.89,2025-04-27 10:00:00,Cash
CUST0054,18,Male,,2,494.65,2025-11-11 10:00:00,Debit Card
CUST0064,29,Male,Beauty,1,58.89,2025-04-27 16:00:00,Debit Card
CUST0100,30,Female,Clothing,1,33.71,2025-04-09 15:00:00,Credit Card
CUST0133,64,Female,Sports,4,191.31,2025-02-26 17:00:00,Cash
CUST0090,62,Female,Home & Kitchen,1,43.11,2025-08-03 10:00:00,Cash
CUST0035,44,Male,Home & Kitchen,1,328.36,2025-04-18 16:00:00,Credit Card
CUST0198,69,Other,Clothing,5,186.44,2025-11-20 14:00:00,Credit Card
CUST0037,67,Male,Books,1,13.94,2025-09-27 17:00:00,Debit Card
CUST0138,64,Female,Home & Kitchen,5,145.52,2025-07-22 21:00:00,Debit Card
CUST0060,47,Male,Electronics,2,1042.44,2025-10-24 13:00:00,Credit Card
CUST0112,18,Female,Electronics,4,109.15,2025-12-30 16:00:00,Cash
CUST0143,20,Male,Clothing,3,30.47,2025-05-22 11:00:00,Cash
CUST0197,49,Male,Clothing,3,39.65,2025-10-07 16:00:00,UPI
CUST0135,32,Male,Books,3,45.9,2025-04-27 20:00:00,Credit Card
CUST0147,32,Female,Beauty,3,22.84,2025-10-23 14:00:00,Cash
CUST0017,48,Male,Electronics,1,104.26,2025-08-15 20:00:00,UPI
CUST0048,29,Male,Books,5,42.88,2025-08-28 15:00:00,UPI
CUST0094,61,Female,Books,1,22.86,2025-03-13 11:00:00,Credit Card
CUST0038,53,Other,Beauty,2,,2025-10-23 19:00:00,Cash
CUST0099,53,Female,Beauty,5,24.29,2025-02-05 12:00:00,Cash
CUST0118,48,Male,Home & Kitchen,5,349.47,2025-06-22 18:00:00,UPI
CUST0041,30,Female,Beauty,5,96.7,2025-12-09 10:00:00,UPI
CUST0179,42,Female,Beauty,4,,2025-01-18 12:00:00,UPI
CUST0144,61,Female,Electronics,3,880.46,2025-05-14 16:00:00,UPI
CUST0042,36,Male,Clothing,5,45.69,2025-08-07 11:00:00,Cash
CUST0005,38,Female,Sports,5,179.99,2025-04-19 22:00:00,Credit Card
CUST0145,21,Male,Books,5,14.03,2025-05-04 10:00:00,UPI
CUST0153,61,Female,Clothing,5,190.56,2025-06-04 13:00:00,Cash
CUST0097,41,Male,Clothing,4,106.01,2025-03-21 21:00:00,Cash
CUST0181,22,Male,Books,2,42.62,2025-02-16 19:00:00,Debit Card
CUST0073,33,Male,Clothing,4,10.4,2025-02-04 21:00:00,Credit Card
CUST0176,46,Female,Beauty,3,33.61,2025-02-02 10:00:00,Cash
CUST0163,60,Male,Home & Kitchen,1,497.77,2025-02-23 09:00:00,Credit Card
CUST0123,42,Male,Home & Kitchen,1,480.36,2025-12-08 12:00:00,Cash
CUST0095,68,Male,Clothing,4,114.52,2025-11-27 13:00:00,Cash
CUST0177,23,Female,Home & Kitchen,1,375.43,2025-01-28 19:00:00,Debit Card
CUST0020,61,Female,Books,1,23.13,2025-12-22 22:00:00,UPI
CUST0127,40,Male,Beauty,4,14.64,2025-10-23 18:00:00,Debit Card
CUST0157,37,Male,Books,3,37.51,2025-03-19 22:00:00,Cash
CUST0031,55,Male,Home & Kitchen,4,373.23,2025-12-17 17:00:00,Debit Card
CUST0050,20,Other,Sports,3,136.17,2025-06-04 12:00:00,Cash
CUST0147,32,Female,Electronics,1,108.09,2025-09-16 08:00:00,Cash
CUST0031,55,Male,Sports,5,138.64,2025-07-26 11:00:00,Credit Card
CUST0189,66,Male,Home & Kitchen,5,53.78,2025-08-24 18:00:00,UPI
CUST0137,30,Female,Home & Kitchen,2,348.01,2025-10-25 18:00:00,Cash
CUST0119,44,Male,Books,1,22.44,2025-03-10 14:00:00,UPI
CUST0048,29,Male,Clothing,2,66.42,2025-05-06 19:00:00,Cash
CUST0136,40,Male,Home & Kitchen,2,196.85,2025-12-04 21:00:00,Cash
CUST0192,33,Female,Books,1,,2025-11-16 08:00:00,Credit Card
CUST0121,64,Female,Clothing,3,141.23,2025-09-05 10:00:00,Debit Card
CUST0126,52,Male,Clothing,2,29.33,2025-07-02 09:00:00,UPI
CUST0122,44,Male,Home & Kitchen,3,197.98,2025-06-11 21:00:00,Debit Card
CUST0123,42,Male,Electronics,2,803.19,2025-01-05 19:00:00,UPI
CUST0067,30,Male,Beauty,1,9.93,2025-11-02 17:00:00,Debit Card
CUST0029,62,Male,Books,4,17.25,2025-04-07 13:00:00,Credit Card
CUST0079,62,Male,,5,286.81,2025-12-24 11:00:00,Debit Card
CUST0168,33,Female,Clothing,3,70.58,2025-02-23 08:00:00,UPI
CUST0123,42,Male,Beauty,3,77.95,2025-03-07 16:00:00,Credit Card
CUST0097,41,Male,Books,4,34.43,2025-08-12 20:00:00,Debit Card
CUST0199,48,Female,Beauty,1,,2025-12-04 16:00:00,Credit Card
CUST0058,49,Female,Clothing,3,135.02,2025-08-14 09:00:00,Debit Card
CUST0174,34,Male,Sports,4,67.18,2025-08-28 16:00:00,UPI
CUST0177,23,Female,Home & Kitchen,2,225.23,2025-11-08 19:00:00,Cash
CUST0100,30,Female,Books,2,28.42,2025-04-20 09:00:00,UPI
CUST0020,61,Female,Clothing,1,29.23,2025-07-17 11:00:00,Debit Card
CUST0163,60,Male,Clothing,1,81.77,2025-06-25 08:00:00,Debit Card
CUST0195,40,Male,Clothing,2,103.02,2025-02-15 10:00:00,Cash
CUST0159,65,Female,Electronics,3,754.5,2025-12-04 12:00:00,Debit Card
CUST0023,36,Male,,1,109.73,2025-01-03 13:00:00,Cash
CUST0055,56,Male,Beauty,3,90.38,2025-07-17 12:00:00,Debit Card
CUST0044,67,Male,Clothing,5,37.12,2025-04-04 17:00:00,UPI
CUST0066,54,Female,Beauty,1,47.74,2025-07-04 13:00:00,UPI
CUST0089,56,Male,Electronics,5,1121.97,2025-10-10 15:00:00,Debit Card
CUST0198,69,Other,Beauty,5,95.84,2025-09-13 08:00:00,Credit Card
CUST0074,42,Male,Electronics,1,492.42,2025-06-19 11:00:00,Debit Card
CUST0164,51,Male,Sports,2,227.53,2025-12-23 16:00:00,Debit Card
CUST0001,21,Female,Clothing,1,108.77,2025-02-23 15:00:00,Credit Card
CUST0175,59,Male,,4,472.06,2025-05-30 21:00:00,Credit Card
CUST0044,67,Male,Clothing,5,37.12,2025-04-04 17:00:00,UPI
CUST0176,46,Female,Electronics,3,1116.85,2025-12-12 13:00:00,Credit Card
CUST0169,37,Female,Clothing,2,67.24,2025-05-01 21:00:00,Debit Card
CUST0056,39,Male,Sports,1,,2025-04-14 22:00:00,Credit Card
CUST0041,30,Female,Home & Kitchen,3,140.19,2025-11-29 10:00:00,Credit Card
CUST0187,30,Other,Books,1,29.9,2025-12-14 12:00:00,Cash
CUST0193,67,Male,Sports,5,35.85,2025-05-09 09:00:00,Debit Card
CUST0148,66,Female,Home & Kitchen,5,68.5,2025-11-14 19:00:00,Cash
CUST0118,48,Male,Beauty,2,16.75,2025-05-26 10:00:00,Debit Card
CUST0197,49,Male,Home & Kitchen,1,303.42,2025-07-07 13:00:00,Credit Card
CUST0049,29,Female,Clothing,4,105.16,2025-10-14 21:00:00,Debit Card
CUST0104,55,Female,Books,3,30.03,2025-06-04 16:00:00,Cash
CUST0112,18,Female,Beauty,4,12.85,2025-11-13 10:00:00,Debit Card
CUST0169,37,Female,Electronics,4,1185.51,2025-02-21 11:00:00,Cash
CUST0056,39,Male,Beauty,3,64.99,2025-06-09 18:00:00,Cash
CUST0023,36,Male,Electronics,3,651.05,2025-12-30 17:00:00,Debit Card
CUST0071,60,Male,Electronics,4,733.08,2025-06-20 19:00:00,Cash
CUST0057,59,Female,Home & Kitchen,1,264.73,2025-06-05 09:00:00,UPI
CUST0069,70,Male,Books,4,,2025-03-28 21:00:00,Cash
CUST0067,30,Male,Home & Kitchen,5,214.81,2025-03-29 13:00:00,Debit Card
CUST0188,25,Female,Sports,3,55.84,2025-09-22 18:00:00,Debit Card
CUST0154,33,Male,Clothing,2,179.69,2025-11-16 21:00:00,UPI
CUST0018,68,Female,Home & Kitchen,4,353.5,2025-11-04 19:00:00,UPI
CUST0161,53,Female,Sports,4,227.84,2025-07-06 20:00:00,UPI
CUST0111,43,Male,Electronics,3,1268.74,2025-08-31 11:00:00,UPI
CUST0112,18,Female,Electronics,2,1042.83,2025-07-11 08:00:00,Cash
CUST0173,26,Male,Books,5,31.56,2025-06-10 09:00:00,Debit Card
CUST0141,19,Male,Home & Kitchen,2,212.03,2025-05-11 18:00:00,Cash
CUST0085,36,Male,Electronics,3,,2025-05-20 08:00:00,UPI
CUST0028,35,Female,Electronics,4,385.19,2025-12-30 09:00:00,UPI
CUST0170,27,Female,,2,181.61,2025-09-15 18:00:00,Debit Card
CUST0088,47,Female,Books,3,7.68,2025-12-27 22:00:00,Debit Card
CUST0048,29,Male,Electronics,2,1009.93,2025-12-25 19:00:00,Credit Card
CUST0053,36,Female,Clothing,5,95.58,2025-03-31 17:00:00,Credit Card
CUST0110,37,Female,Sports,3,192.98,2025-05-11 16:00:00,Debit Card
CUST0180,56,Male,Electronics,5,203.9,2025-06-04 17:00:00,Credit Card
CUST0146,20,Male,Clothing,4,28.48,2025-11-26 19:00:00,Cash
CUST0011,57,Female,Sports,1,179.05,2025-05-03 13:00:00,Cash
CUST0042,36,Male,Sports,2,185.18,2025-06-08 11:00:00,Debit Card
CUST0109,47,Female,Books,5,29.19,2025-02-12 12:00:00,Credit Card
CUST0189,66,Male,Books,1,29.73,2025-10-14 22:00:00,UPI
CUST0194,47,Female,Sports,3,106.29,2025-04-12 12:00:00,Cash
CUST0055,56,Male,Electronics,2,71.74,2025-01-07 14:00:00,Debit Card
CUST0142,22,Male,Clothing,2,,2025-01-06 18:00:00,Debit Card
CUST0087,26,Male,Sports,1,60.81,2025-01-03 20:00:00,Credit Card
CUST0174,34,Male,Sports,2,240.29,2025-02-10 16:00:00,UPI
CUST0185,39,Male,Electronics,1,1181.63,2025-06-30 20:00:00,Credit Card
CUST0120,26,Female,Home & Kitchen,3,20.17,2025-10-12 18:00:00,UPI
CUST0016,63,Female,,2,,2025-08-05 18:00:00,Cash
CUST0176,46,Female,Sports,3,,2025-09-24 20:00:00,UPI
CUST0071,60,Male,Electronics,4,268.22,2025-11-18 08:00:00,UPI
CUST0196,41,Female,Books,3,31.41,2025-01-17 22:00:00,Debit Card
CUST0032,21,Female,Books,3,23.77,2025-12-19 18:00:00,Debit Card
CUST0013,37,Male,Books,4,48.7,2025-10-22 16:00:00,Credit Card
CUST0093,31,Female,Books,5,7.58,2025-06-19 20:00:00,Credit Card
CUST0075,66,Male,Home & Kitchen,3,224.48,2025-01-24 08:00:00,Debit Card
CUST0185,39,Male,Home & Kitchen,5,305.03,2025-12-27 20:00:00,Credit Card
CUST0125,61,Other,Books,4,21.89,2025-08-19 20:00:00,Debit Card
CUST0008,61,Female,Clothing,2,128.61,2025-08-01 20:00:00,Credit Card
CUST0170,27,Female,,3,469.24,2025-06-22 22:00:00,UPI
CUST0095,68,Male,Sports,1,20.05,2025-05-07 11:00:00,UPI
CUST0078,34,Female,Books,2,29.01,2025-03-07 11:00:00,Cash
CUST0181,22,Male,Sports,1,41.86,2025-12-25 17:00:00,Cash
CUST0183,60,Female,Books,4,44.44,2025-10-01 17:00:00,Credit Card
CUST0155,27,Other,Clothing,5,182.06,2025-10-11 21:00:00,Debit Card
CUST0155,27,Other,Clothing,5,177.06,2025-10-22 08:00:00,Credit Card
CUST0087,26,Male,Clothing,4,156.68,2025-02-19 18:00:00,UPI
CUST0005,38,Female,Sports,1,288.54,2025-06-17 20:00:00,Cash
CUST0048,29,Male,Clothing,4,189.24,2025-05-25 08:00:00,UPI
CUST0083,63,Female,Beauty,4,31.03,2025-08-27 15:00:00,UPI
CUST0153,61,Female,Beauty,5,15.85,2025-08-23 17:00:00,Debit Card
CUST0049,29,Female,,1,459.14,2025-12-04 19:00:00,Credit Card
CUST0156,51,Male,Electronics,2,356.39,2025-05-29 10:00:00,Debit Card
CUST0145,21,Male,Sports,3,288.22,2025-06-10 11:00:00,Debit Card
CUST0177,23,Female,Clothing,3,130.44,2025-09-01 20:00:00,UPI
CUST0143,20,Male,Books,1,25.79,2025-03-13 09:00:00,Credit Card
CUST0191,63,Male,Electronics,5,1290.44,2025-05-21 11:00:00,Credit Card
CUST0177,23,Female,Sports,5,,2025-06-17 13:00:00,Credit Card
CUST0023,36,Male,Home & Kitchen,4,115.74,2025-09-27 11:00:00,Credit Card
CUST0158,53,Female,Clothing,1,82.27,2025-12-25 18:00:00,Debit Card
CUST0140,44,Female,Home & Kitchen,4,432.47,2025-08-10 10:00:00,Credit Card
CUST0118,48,Male,Beauty,5,61.51,2025-07-15 12:00:00,Cash
CUST0144,61,Female,Home & Kitchen,5,263.16,2025-09-12 19:00:00,Cash
CUST0028,35,Female,Electronics,5,1042.33,2025-11-07 09:00:00,Debit Card
CUST0065,39,Female,Home & Kitchen,1,326.61,2025-05-22 20:00:00,Cash
CUST0001,21,Female,Beauty,4,73.9,2025-03-13 08:00:00,Credit Card
CUST0133,64,Female,Electronics,2,118.1,2025-09-30 15:00:00,UPI
CUST0053,36,Female,Clothing,5,147.19,2025-05-16 18:00:00,UPI
CUST0069,70,Male,Electronics,5,82.24,2025-10-20 14:00:00,UPI
CUST0125,61,Other,Electronics,5,732.23,2025-02-03 20:00:00,Cash
CUST0098,54,Male,Electronics,2,162.41,2025-02-26 18:00:00,Cash
CUST0190,33,Female,Home & Kitchen,2,101.71,2025-03-27 10:00:00,UPI
CUST0147,32,Female,Books,1,28.49,2025-09-26 12:00:00,Cash
CUST0162,40,Female,Home & Kitchen,4,404.91,2025-05-10 13:00:00,UPI
CUST0070,38,Male,,1,253.33,2025-06-29 14:00:00,Cash
CUST0140,44,Female,Clothing,4,28.25,2025-12-22 13:00:00,UPI
CUST0134,52,Male,Electronics,1,1322.78,2025-10-03 14:00:00,Credit Card
CUST0126,52,Male,Sports,1,238.45,2025-04-23 10:00:00,Credit Card
CUST0093,31,Female,Books,5,31.72,2025-02-25 20:00:00,Debit Card
CUST0125,61,Other,Books,5,43.85,2025-04-19 15:00:00,Cash
CUST0169,37,Female,Home & Kitchen,3,78.71,2025-01-06 19:00:00,UPI
CUST0024,63,Male,Electronics,4,1030.84,2026-01-01 10:00:00,Cash
CUST0073,33,Male,Clothing,3,191.66,2025-06-17 16:00:00,Cash
CUST0026,65,Male,Electronics,3,829.95,2025-05-26 09:00:00,Cash
CUST0147,32,Female,Electronics,1,1051.75,2025-09-12 16:00:00,UPI
CUST0198,69,Other,,4,70.32,2025-01-14 15:00:00,Debit Card
CUST0016,63,Female,Clothing,3,48.38,2025-11-25 08:00:00,Debit Card
CUST0097,41,Male,,4,192.13,2025-12-06 17:00:00,Credit Card
CUST0035,44,Male,Books,4,42.09,2025-10-29 12:00:00,Debit Card
CUST0175,59,Male,Books,5,26.7,2025-07-13 19:00:00,Debit Card
CUST0168,33,Female,Electronics,2,1129.1,2025-06-19 13:00:00,UPI
CUST0039,28,Male,Sports,2,54.33,2025-07-29 22:00:00,Cash
CUST0009,64,Female,Sports,2,190.33,2025-07-04 11:00:00,Credit Card
CUST0129,26,Female,,4,243.71,2025-01-20 12:00:00,Debit Card
CUST0092,69,Female,Books,3,28.07,2025-07-18 15:00:00,UPI
CUST0193,67,Male,Clothing,3,66.11,2025-08-19 19:00:00,UPI
CUST0097,41,Male,Beauty,2,92.97,2025-08-31 10:00:00,Credit Card
CUST0135,32,Male,Beauty,5,8.09,2025-12-18 20:00:00,Debit Card
CUST0080,60,Male,Clothing,3,94.2,2025-09-27 21:00:00,Debit Card
CUST0023,36,Male,Electronics,2,1107.85,2025-10-30 18:00:00,Credit Card
CUST0111,43,Male,Electronics,3,1286.67,2025-01-19 08:00:00,Debit Card
CUST0170,27,Female,Books,2,42.76,2025-11-10 08:00:00,Credit Card
CUST0008,61,Female,Books,1,34.94,2025-12-14 15:00:00,UPI
CUST0109,47,Female,Books,5,31.71,2025-11-26 14:00:00,UPI
CUST0189,66,Male,Beauty,4,89.68,2025-10-27 15:00:00,Credit Card
CUST0088,47,Female,Books,1,9.48,2025-08-24 08:00:00,Credit Card
CUST0070,38,Male,Sports,4,299.78,2025-04-19 17:00:00,UPI
CUST0146,20,Male,Sports,3,67.81,2025-11-25 16:00:00,Cash
CUST0166,37,Male,Beauty,5,18.04,2025-01-07 17:00:00,Credit Card
CUST0115,22,Female,Electronics,1,540.6,2025-05-03 21:00:00,Cash
CUST0188,25,Female,Clothing,5,172.8,2025-05-03 13:00:00,Credit Card
CUST0149,21,Male,Home & Kitchen,5,394.79,2025-09-16 17:00:00,Credit Card
CUST0127,40,Male,Sports,2,,2025-05-15 12:00:00,Cash
CUST0112,18,Female,Clothing,5,96.45,2025-03-11 15:00:00,Debit Card
CUST0033,51,Male,Sports,4,74.63,2025-08-29 20:00:00,Credit Card
CUST0014,37,Female,Clothing,3,116.43,2025-08-31 19:00:00,UPI
CUST0164,51,Male,Home & Kitchen,1,434.56,2025-02-27 11:00:00,Cash
CUST0199,48,Female,Clothing,4,12.03,2025-09-23 12:00:00,Debit Card
CUST0058,49,Female,Clothing,3,197.87,2025-04-29 18:00:00,UPI
CUST0068,58,Female,,3,216.49,2025-01-31 10:00:00,Debit Card
CUST0122,44,Male,Sports,5,30.89,2025-10-30 14:00:00,UPI
CUST0011,57,Female,Beauty,3,17.36,2025-05-11 08:00:00,UPI
CUST0036,48,Male,Beauty,3,58.56,2025-01-18 13:00:00,Credit Card
CUST0105,50,Male,Books,3,15.89,2025-08-05 20:00:00,Cash
CUST0147,32,Female,Home & Kitchen,5,493.03,2025-02-18 10:00:00,Cash
CUST0108,54,Male,Clothing,5,168.5,2025-02-12 13:00:00,Credit Card
CUST0167,66,Female,Home & Kitchen,4,61.87,2025-11-19 19:00:00,Credit Card
CUST0168,33,Female,Clothing,5,104.45,2025-09-30 16:00:00,Debit Card
CUST0047,20,Female,Sports,3,295.46,2025-11-01 22:00:00,Debit Card
CUST0100,30,Female,Sports,2,73.61,2025-06-03 17:00:00,UPI
CUST0145,21,Male,Sports,5,278.95,2025-08-20 15:00:00,Cash
CUST0043,59,Male,Electronics,3,431.51,2025-06-22 08:00:00,UPI
CUST0123,42,Male,Sports,1,210.7,2025-12-03 10:00:00,Debit Card
CUST0094,61,Female,Electronics,3,778.02,2025-12-25 15:00:00,Cash
CUST0082,61,Female,Home & Kitchen,3,261.11,2025-04-26 21:00:00,Cash
CUST0003,38,Other,Home & Kitchen,2,177.01,2025-09-06 15:00:00,Credit Card
CUST0099,53,Female,Home & Kitchen,1,428.44,2025-03-17 17:00:00,Credit Card
CUST0012,33,Male,Sports,4,132.71,2025-10-19 21:00:00,UPI
CUST0123,42,Male,Sports,1,56.86,2025-05-06 09:00:00,Credit Card
CUST0027,30,Female,Clothing,2,168.0,2025-10-14 17:00:00,Credit Card
CUST0086,32,Male,Clothing,4,55.95,2025-04-09 17:00:00,Cash
CUST0109,47,Female,,3,363.58,2025-02-10 21:00:00,Cash
CUST0135,32,Male,Electronics,5,733.11,2025-06-02 21:00:00,Credit Card
CUST0177,23,Female,Electronics,1,1312.55,2025-06-10 21:00:00,UPI
CUST0079,62,Male,,3,176.51,2025-12-18 20:00:00,Cash
CUST0137,30,Female,Clothing,5,105.58,2025-02-27 20:00:00,Debit Card
CUST0002,51,Male,Clothing,4,31.08,2025-09-14 15:00:00,Debit Card
CUST0017,48,Male,Clothing,5,38.03,2025-03-30 15:00:00,Credit Card
CUST0119,44,Male,Beauty,2,75.1,2025-01-13 21:00:00,Debit Card
CUST0112,18,Female,Clothing,2,105.81,2025-07-20 21:00:00,UPI
CUST0197,49,Male,Clothing,1,118.07,2025-06-24 21:00:00,UPI
CUST0047,20,Female,Sports,1,173.1,2025-03-04 08:00:00,Debit Card
CUST0048,29,Male,Clothing,3,46.92,2025-10-18 21:00:00,Credit Card
CUST0198,69,Other,Beauty,2,22.49,2025-08-24 13:00:00,UPI
CUST0121,64,Female,Electronics,4,648.76,2025-12-27 20:00:00,Cash
CUST0187,30,Other,Home & Kitchen,4,197.81,2025-09-08 13:00:00,Debit Card
CUST0033,51,Male,Electronics,4,129.44,2025-08-10 09:00:00,Credit Card
CUST0086,32,Male,Sports,4,27.35,2025-10-03 10:00:00,Debit Card
CUST0176,46,Female,Home & Kitchen,2,491.04,2025-04-02 16:00:00,UPI
CUST0184,48,Male,,2,113.01,2025-07-18 13:00:00,Debit Card
CUST0050,20,Other,Home & Kitchen,4,459.76,2025-11-27 10:00:00,Cash
CUST0107,50,Male,Clothing,4,194.4,2025-06-18 15:00:00,Debit Card
CUST0064,29,Male,Books,2,30.98,2025-08-01 14:00:00,Cash
CUST0113,55,Male,Books,2,42.56,2025-08-06 11:00:00,Debit Card
CUST0011,57,Female,Clothing,3,73.38,2025-03-22 08:00:00,UPI
CUST0158,53,Female,Home & Kitchen,2,87.93,2025-04-15 20:00:00,UPI
CUST0135,32,Male,Books,4,26.32,2025-11-23 22:00:00,Credit Card
CUST0106,21,Male,Clothing,3,177.88,2025-06-01 12:00:00,Cash
CUST0023,36,Male,Books,2,24.44,2025-05-29 11:00:00,Credit Card
CUST0099,53,Female,Books,2,17.82,2025-09-04 08:00:00,UPI
CUST0057,59,Female,Beauty,4,19.06,2025-09-01 17:00:00,Credit Card
CUST0014,37,Female,Sports,4,293.55,2025-06-12 16:00:00,Debit Card
CUST0195,40,Male,Home & Kitchen,2,426.95,2025-03-08 11:00:00,UPI
CUST0067,30,Male,Clothing,2,70.74,2025-03-11 13:00:00,Debit Card
CUST0144,61,Female,Clothing,4,122.75,2025-07-26 17:00:00,Cash
CUST0034,32,Male,Electronics,3,174.03,2025-10-05 12:00:00,UPI
CUST0161,53,Female,Home & Kitchen,4,222.15,2025-08-20 15:00:00,Cash
CUST0140,44,Female,Home & Kitchen,2,163.07,2025-11-28 13:00:00,Credit Card
CUST0083,63,Female,Clothing,5,42.96,2025-05-21 10:00:00,Cash
CUST0128,52,Male,Books,1,,2025-10-09 08:00:00,Credit Card
CUST0130,32,Female,Electronics,5,1277.58,2025-02-10 20:00:00,Credit Card
CUST0157,37,Male,Sports,2,49.04,2025-12-26 08:00:00,Debit Card
CUST0105,50,Male,Sports,5,220.34,2025-06-14 13:00:00,Credit Card
CUST0065,39,Female,Beauty,1,87.88,2025-05-28 09:00:00,Debit Card
CUST0007,39,Female,Books,5,35.01,2025-12-15 17:00:00,Debit Card
CUST0137,30,Female,Books,2,30.91,2025-07-18 13:00:00,Debit Card
CUST0002,51,Male,Beauty,4,38.59,2025-08-22 20:00:00,UPI
CUST0142,22,Male,Books,4,25.86,2025-07-12 16:00:00,Cash
CUST0127,40,Male,Home & Kitchen,2,496.68,2025-03-01 13:00:00,Credit Card
CUST0117,22,Other,Electronics,4,431.9,2025-08-29 19:00:00,Credit Card
CUST0077,64,Female,,4,431.96,2025-08-15 20:00:00,Debit Card
CUST0120,26,Female,Home & Kitchen,1,240.91,2025-10-30 14:00:00,Credit Card
CUST0114,45,Male,Home & Kitchen,3,,2025-09-25 21:00:00,Debit Card
CUST0119,44,Male,Clothing,2,19.46,2025-11-04 12:00:00,Debit Card
CUST0133,64,Female,Home & Kitchen,1,243.32,2025-08-07 15:00:00,Cash
CUST0126,52,Male,Sports,3,245.7,2025-01-10 20:00:00,Credit Card
CUST0093,31,Female,Beauty,2,17.76,2025-01-09 10:00:00,Cash
CUST0002,51,Male,Beauty,1,40.11,2025-10-20 14:00:00,Cash
CUST0130,32,Female,Home & Kitchen,5,499.25,2025-06-30 22:00:00,UPI
CUST0113,55,Male,Electronics,3,746.3,2025-04-22 14:00:00,Credit Card
CUST0033,51,Male,Sports,4,74.63,2025-08-29 20:00:00,Credit Card
CUST0133,64,Female,Books,5,26.8,2025-09-23 19:00:00,Credit Card
CUST0023,36,Male,Clothing,3,159.46,2025-07-11 10:00:00,UPI
CUST0188,25,Female,Sports,1,277.73,2025-08-11 14:00:00,Credit Card
CUST0061,69,Male,,1,187.58,2025-03-10 22:00:00,Credit Card
CUST0062,28,Female,Clothing,5,131.86,2025-06-19 21:00:00,Debit Card
CUST0121,64,Female,Books,2,43.95,2025-04-18 15:00:00,Debit Card
CUST0136,40,Male,Beauty,2,28.64,2025-04-02 21:00:00,Debit Card
CUST0026,65,Male,Sports,5,76.84,2025-05-25 10:00:00,Credit Card
CUST0030,24,Female,,2,117.68,2025-03-06 12:00:00,UPI
CUST0017,48,Male,Electronics,4,1475.88,2025-10-02 15:00:00,Debit Card
CUST0156,51,Male,Electronics,1,825.25,2025-02-09 18:00:00,Credit Card
CUST0014,37,Female,Books,1,7.36,2025-09-01 12:00:00,Cash
CUST0055,56,Male,Clothing,3,124.38,2025-12-05 11:00:00,Cash
CUST0051,43,Female,Beauty,1,54.51,2025-08-31 14:00:00,UPI
CUST0147,32,Female,,3,187.23,2025-12-01 20:00:00,Credit Card
CUST0028,35,Female,Beauty,4,42.23,2025-10-31 18:00:00,Cash
CUST0123,42,Male,Home & Kitchen,4,27.75,2025-08-04 14:00:00,Credit Card
CUST0055,56,Male,Beauty,5,46.79,2025-12-02 20:00:00,UPI
CUST0027,30,Female,Books,5,42.68,2025-09-23 21:00:00,Cash
CUST0168,33,Female,Books,4,12.42,2025-11-28 14:00:00,Debit Card
CUST0002,51,Male,Home & Kitchen,4,165.2,2025-07-09 10:00:00,Credit Card
CUST0063,59,Male,Electronics,4,1384.33,2025-01-19 16:00:00,Cash
CUST0181,22,Male,Clothing,1,162.44,2025-03-19 10:00:00,Cash
CUST0109,47,Female,Clothing,2,182.92,2025-11-03 22:00:00,Cash
CUST0196,41,Female,Sports,4,120.79,2025-10-22 21:00:00,UPI
CUST0188,25,Female,Sports,3,55.84,2025-09-22 18:00:00,Debit Card
CUST0088,47,Female,Clothing,5,91.92,2025-10-18 20:00:00,UPI
CUST0181,22,Male,Books,1,24.5,2025-09-24 13:00:00,Debit Card
CUST0107,50,Male,Beauty,1,82.79,2025-09-03 13:00:00,UPI
CUST0140,44,Female,Books,1,38.27,2025-09-07 09:00:00,Cash
CUST0051,43,Female,Sports,4,138.94,2025-01-21 09:00:00,Cash
CUST0130,32,Female,Clothing,5,86.65,2025-04-20 18:00:00,UPI
CUST0145,21,Male,Clothing,4,113.0,2025-01-20 09:00:00,Credit Card
CUST0112,18,Female,Beauty,1,65.22,2025-05-17 21:00:00,UPI
CUST0101,27,Male,Beauty,3,52.04,2025-04-15 13:00:00,UPI
CUST0058,49,Female,Books,2,38.03,2025-03-28 09:00:00,UPI
CUST0162,40,Female,Books,1,10.4,2025-09-08 18:00:00,Debit Card
CUST0048,29,Male,Home & Kitchen,2,369.0,2025-07-31 14:00:00,UPI
CUST0198,69,Other,Books,4,14.62,2025-04-08 14:00:00,UPI
CUST0175,59,Male,Sports,1,235.07,2025-05-07 19:00:00,Credit Card
CUST0147,32,Female,Clothing,1,190.1,2025-06-18 10:00:00,Credit Card
CUST0128,52,Male,Books,2,44.27,2025-04-14 21:00:00,Debit Card
CUST0084,62,Male,Beauty,4,17.48,2025-01-11 10:00:00,Debit Card
CUST0125,61,Other,,4,296.76,2025-10-19 21:00:00,Cash
CUST0162,40,Female,Home & Kitchen,1,96.2,2025-06-22 18:00:00,Credit Card
CUST0019,36,Male,Beauty,4,60.31,2025-12-21 14:00:00,Credit Card
CUST0193,67,Male,Sports,4,196.52,2025-09-25 16:00:00,Debit Card
CUST0173,26,Male,Books,5,17.87,2025-01-07 16:00:00,Credit Card
CUST0008,61,Female,Sports,1,,2025-03-08 15:00:00,UPI
CUST0153,61,Female,Books,3,25.32,2025-03-10 12:00:00,Debit Card
CUST0182,66,Female,Beauty,1,92.52,2025-02-09 14:00:00,Debit Card
CUST0169,37,Female,Beauty,2,13.04,2025-08-01 21:00:00,Cash
CUST0197,49,Male,Books,5,28.23,2025-11-30 16:00:00,UPI
CUST0082,61,Female,Beauty,2,,2025-12-05 22:00:00,Debit Card
CUST0159,65,Female,Electronics,2,70.83,2025-06-07 21:00:00,Credit Card
CUST0027,30,Female,Beauty,4,81.22,2025-04-03 17:00:00,Cash
CUST0024,63,Male,Home & Kitchen,2,300.05,2025-05-23 11:00:00,Credit Card
CUST0140,44,Female,Home & Kitchen,4,432.47,2025-08-10 10:00:00,Credit Card
CUST0062,28,Female,Books,4,23.98,2025-05-24 21:00:00,UPI
CUST0044,67,Male,Books,2,24.74,2025-01-21 10:00:00,Credit Card
CUST0013,37,Male,Clothing,3,16.98,2025-12-08 17:00:00,UPI
CUST0123,42,Male,Clothing,5,141.49,2025-03-05 08:00:00,Credit Card
CUST0198,69,Other,Electronics,4,444.37,2025-12-31 17:00:00,Credit Card
CUST0099,53,Female,Clothing,1,110.55,2025-05-17 09:00:00,Cash
CUST0035,44,Male,Clothing,5,106.03,2025-12-17 15:00:00,Cash
CUST0150,36,Male,Sports,1,291.53,2025-10-18 13:00:00,UPI
CUST0090,62,Female,Beauty,4,33.7,2025-11-16 14:00:00,Credit Card
CUST0115,22,Female,Sports,2,87.98,2025-12-20 22:00:00,Debit Card
CUST0069,70,Male,Beauty,3,,2025-08-18 14:00:00,Debit Card
CUST0006,47,Female,Sports,2,106.45,2025-05-22 16:00:00,UPI
CUST0011,57,Female,Home & Kitchen,4,443.56,2025-01-05 10:00:00,UPI
CUST0065,39,Female,Clothing,2,67.2,2025-10-18 22:00:00,Cash
CUST0088,47,Female,Home & Kitchen,4,92.85,2025-09-13 11:00:00,Debit Card
CUST0084,62,Male,Sports,4,35.35,2025-05-25 10:00:00,Credit Card
CUST0079,62,Male,Beauty,1,25.49,2025-08-01 20:00:00,Cash
CUST0131,66,Male,Books,3,10.13,2025-04-12 17:00:00,Debit Card
CUST0146,20,Male,Clothing,4,28.48,2025-11-26 19:00:00,Cash
CUST0158,53,Female,Sports,3,299.84,2025-01-21 11:00:00,Debit Card
CUST0036,48,Male,Sports,1,230.77,2025-08-20 16:00:00,UPI
CUST0022,67,Female,Sports,1,293.11,2025-09-09 13:00:00,Credit Card
CUST0081,37,Male,Clothing,3,169.07,2025-08-22 10:00:00,UPI
CUST0097,41,Male,Sports,5,27.39,2025-05-26 11:00:00,UPI
CUST0046,65,Female,Books,2,24.89,2025-01-03 17:00:00,UPI
CUST0152,54,Female,Sports,4,149.97,2025-07-11 17:00:00,UPI
CUST0057,59,Female,Clothing,1,156.59,2025-05-22 22:00:00,Debit Card
CUST0098,54,Male,Beauty,1,29.53,2025-04-02 15:00:00,Credit Card
CUST0171,21,Female,Home & Kitchen,4,197.42,2025-05-26 13:00:00,UPI
CUST0061,69,Male,Books,5,37.16,2025-12-07 16:00:00,Debit Card
CUST0096,46,Female,Sports,4,78.86,2025-07-23 20:00:00,Debit Card
CUST0001,21,Female,Beauty,3,34.8,2025-03-22 11:00:00,Debit Card
CUST0149,21,Male,Electronics,5,849.6,2025-08-14 10:00:00,UPI
CUST0011,57,Female,Beauty,3,15.72,2025-10-27 10:00:00,Cash
CUST0072,26,Male,Clothing,2,60.01,2025-02-09 19:00:00,Credit Card
CUST0186,18,Male,Sports,5,38.88,2025-10-31 17:00:00,UPI
CUST0123,42,Male,Beauty,5,71.3,2025-11-12 11:00:00,Credit Card
CUST0118,48,Male,Clothing,3,133.49,2025-02-04 22:00:00,Debit Card
CUST0185,39,Male,Clothing,5,66.03,2025-11-17 21:00:00,Credit Card
CUST0192,33,Female,Sports,1,263.88,2025-01-30 09:00:00,Credit Card
CUST0055,56,Male,Home & Kitchen,3,319.15,2025-08-17 15:00:00,UPI
CUST0148,66,Female,Beauty,4,30.45,2025-11-11 21:00:00,Cash
CUST0141,19,Male,Beauty,5,21.82,2025-11-20 19:00:00,Cash
CUST0141,19,Male,Books,5,48.88,2025-08-18 18:00:00,Credit Card
CUST0085,36,Male,Sports,2,213.31,2025-02-25 17:00:00,Credit Card
CUST0121,64,Female,Clothing,2,173.61,2025-07-06 14:00:00,Debit Card
CUST0101,27,Male,Books,4,28.43,2025-11-17 18:00:00,Debit Card
CUST0182,66,Female,Sports,2,190.6,2025-04-16 20:00:00,Credit Card
CUST0150,36,Male,Sports,2,286.82,2025-08-17 14:00:00,UPI
CUST0014,37,Female,Clothing,2,44.8,2025-03-25 19:00:00,Cash
CUST0197,49,Male,Beauty,5,,2025-07-11 11:00:00,Cash
CUST0142,22,Male,Books,5,27.58,2025-08-05 22:00:00,Debit Card
CUST0041,30,Female,Sports,3,287.66,2025-12-01 17:00:00,Cash
CUST0100,30,Female,Home & Kitchen,3,,2025-05-24 08:00:00,Cash
CUST0127,40,Male,Books,5,26.75,2025-11-27 12:00:00,UPI
CUST0138,64,Female,Electronics,4,1024.76,2025-07-12 21:00:00,UPI
CUST0092,69,Female,Beauty,3,29.72,2025-01-16 14:00:00,Cash
CUST0094,61,Female,Sports,3,37.93,2025-05-29 18:00:00,Debit Card
CUST0053,36,Female,Clothing,5,114.28,2025-04-15 11:00:00,Credit Card
CUST0047,20,Female,Sports,3,42.64,2025-03-21 17:00:00,UPI
CUST0066,54,Female,,1,293.21,2025-01-04 14:00:00,Debit Card
CUST0158,53,Female,Home & Kitchen,1,163.05,2025-03-14 14:00:00,UPI
CUST0125,61,Other,Home & Kitchen,5,42.9,2025-03-25 08:00:00,Debit Card
CUST0091,48,Female,Clothing,1,71.66,2025-11-22 12:00:00,Debit Card
CUST0197,49,Male,Beauty,3,11.12,2025-11-06 15:00:00,Debit Card
CUST0066,54,Female,Books,4,33.57,2025-01-30 18:00:00,Cash
CUST0043,59,Male,Clothing,4,101.51,2025-03-24 19:00:00,Cash
CUST0092,69,Female,Electronics,4,244.43,2025-08-29 19:00:00,UPI
CUST0159,65,Female,Home & Kitchen,1,77.54,2025-12-06 15:00:00,Credit Card
CUST0122,44,Male,Clothing,4,125.04,2025-05-28 19:00:00,Credit Card
CUST0147,32,Female,Clothing,3,58.36,2025-02-13 12:00:00,Cash
CUST0044,67,Male,Beauty,1,56.97,2025-02-17 13:00:00,Cash
CUST0024,63,Male,Books,1,7.69,2025-12-26 16:00:00,Credit Card
CUST0121,64,Female,Sports,2,157.15,2025-12-25 20:00:00,UPI
CUST0017,48,Male,Home & Kitchen,3,116.13,2025-07-26 09:00:00,Debit Card
CUST0171,21,Female,,2,418.29,2025-05-06 22:00:00,Debit Card
CUST0164,51,Male,Home & Kitchen,2,441.39,2025-05-30 18:00:00,Cash
CUST0141,19,Male,Beauty,4,52.67,2025-03-08 20:00:00,Debit Card
CUST0022,67,Female,Sports,2,195.38,2025-05-21 13:00:00,Cash
CUST0004,48,Female,Home & Kitchen,5,111.48,2025-11-17 19:00:00,Debit Card
CUST0183,60,Female,Home & Kitchen,5,310.37,2025-03-20 13:00:00,Cash
CUST0146,20,Male,Clothing,5,79.05,2025-07-29 13:00:00,UPI
CUST0101,27,Male,Electronics,3,505.22,2025-12-10 15:00:00,UPI
CUST0182,66,Female,Electronics,5,746.54,2025-12-08 19:00:00,Cash
CUST0149,21,Male,Clothing,5,103.64,2025-08-28 10:00:00,Credit Card
CUST0166,37,Male,Clothing,5,54.86,2025-03-18 11:00:00,Credit Card
CUST0029,62,Male,Beauty,5,60.85,2025-02-21 22:00:00,Credit Card
CUST0157,37,Male,Books,3,37.51,2025-03-19 22:00:00,Cash
CUST0073,33,Male,Electronics,5,1482.53,2025-05-26 10:00:00,Cash
CUST0148,66,Female,Electronics,5,1460.36,2025-12-15 19:00:00,UPI
CUST0197,49,Male,Clothing,2,131.21,2025-05-07 12:00:00,Debit Card
CUST0012,33,Male,Clothing,5,23.29,2025-12-24 09:00:00,Debit Card
CUST0017,48,Male,Clothing,2,157.99,2025-01-05 19:00:00,Credit Card
CUST0034,32,Male,Home & Kitchen,4,480.71,2025-12-11 18:00:00,UPI
CUST0184,48,Male,Beauty,2,5.21,2025-11-21 20:00:00,UPI
CUST0001,21,Female,Books,5,48.75,2025-12-28 22:00:00,UPI
CUST0109,47,Female,Sports,1,57.86,2025-12-29 17:00:00,UPI
CUST0195,40,Male,Clothing,2,30.03,2025-07-16 20:00:00,Cash
CUST0135,32,Male,Clothing,3,178.72,2025-08-02 12:00:00,UPI
CUST0107,50,Male,Books,2,26.33,2025-11-27 08:00:00,UPI
CUST0168,33,Female,Books,1,23.24,2025-09-01 08:00:00,Credit Card
CUST0132,37,Male,Clothing,5,86.64,2025-09-26 22:00:00,Credit Card
CUST0046,65,Female,,3,,2025-12-13 10:00:00,Cash
CUST0163,60,Male,Clothing,2,162.03,2025-06-30 16:00:00,Credit Card
CUST0089,56,Male,Electronics,3,1307.68,2025-04-12 17:00:00,Debit Card
CUST0015,63,Male,Books,5,22.16,2025-04-02 11:00:00,Cash
CUST0149,21,Male,Electronics,5,1299.67,2025-05-15 11:00:00,UPI
CUST0023,36,Male,Sports,2,51.23,2025-08-29 15:00:00,Credit Card
CUST0064,29,Male,Home & Kitchen,4,61.15,2025-06-15 19:00:00,Cash
CUST0120,26,Female,Home & Kitchen,4,481.49,2025-10-14 08:00:00,Cash
CUST0084,62,Male,Beauty,5,58.52,2025-03-30 11:00:00,Cash
CUST0180,56,Male,Books,3,25.46,2025-08-29 10:00:00,Debit Card
CUST0077,64,Female,Clothing,4,118.64,2025-03-20 08:00:00,UPI
CUST0024,63,Male,Clothing,3,72.56,2025-07-19 20:00:00,Debit Card
CUST0018,68,Female,Sports,3,248.53,2025-08-21 08:00:00,Cash
CUST0083,63,Female,Clothing,1,151.5,2025-03-04 12:00:00,Cash
CUST0174,34,Male,Electronics,3,1282.4,2025-11-13 20:00:00,Cash
CUST0012,33,Male,Clothing,2,117.27,2025-03-21 10:00:00,Cash
CUST0194,47,Female,Clothing,2,184.02,2025-11-26 14:00:00,Credit Card
CUST0100,30,Female,Sports,5,210.81,2025-10-21 22:00:00,Debit Card
CUST0087,26,Male,Books,1,25.43,2025-04-09 09:00:00,Credit Card
CUST0200,38,Female,Books,3,26.24,2025-06-05 13:00:00,Debit Card
CUST0183,60,Female,Home & Kitchen,5,310.37,2025-03-20 13:00:00,Cash
CUST0033,51,Male,Home & Kitchen,5,,2025-10-14 21:00:00,UPI
CUST0083,63,Female,Sports,5,74.03,2025-08-08 09:00:00,Debit Card
CUST0134,52,Male,Home & Kitchen,1,51.02,2025-04-09 08:00:00,Debit Card
CUST0057,59,Female,Sports,2,79.28,2025-02-18 19:00:00,Cash
CUST0029,62,Male,Electronics,3,108.41,2025-07-10 12:00:00,UPI
CUST0049,29,Female,Clothing,2,180.94,2025-11-04 14:00:00,UPI
CUST0028,35,Female,,2,479.9,2025-01-28 22:00:00,Credit Card
CUST0019,36,Male,Clothing,3,96.27,2025-08-10 22:00:00,Credit Card
CUST0002,51,Male,Home & Kitchen,5,156.13,2025-05-16 12:00:00,Cash
CUST0061,69,Male,Electronics,5,699.74,2025-08-17 13:00:00,Credit Card
CUST0176,46,Female,Electronics,1,1127.3,2025-12-01 14:00:00,Debit Card
CUST0122,44,Male,Beauty,1,60.69,2025-07-05 22:00:00,Cash
CUST0182,66,Female,Electronics,1,770.73,2025-08-20 21:00:00,UPI
CUST0101,27,Male,Books,3,19.31,2025-02-08 11:00:00,Debit Card
CUST0137,30,Female,Clothing,4,11.49,2025-05-11 12:00:00,Credit Card
CUST0002,51,Male,Sports,3,175.02,2025-05-25 12:00:00,Credit Card
CUST0044,67,Male,Electronics,3,833.84,2025-01-15 15:00:00,Credit Card
CUST0052,29,Female,Electronics,5,733.53,2025-02-17 11:00:00,Cash
CUST0190,33,Female,Sports,1,25.51,2025-12-01 08:00:00,Cash
CUST0192,33,Female,Sports,5,268.9,2025-10-26 08:00:00,Debit Card
CUST0088,47,Female,Home & Kitchen,1,147.69,2025-08-01 13:00:00,Debit Card
CUST0171,21,Female,Electronics,1,1071.01,2025-02-11 10:00:00,Credit Card
CUST0178,30,Male,Sports,5,89.23,2025-10-24 10:00:00,Credit Card
CUST0170,27,Female,Electronics,3,953.06,2025-08-03 21:00:00,Credit Card
CUST0042,36,Male,Clothing,1,89.72,2025-08-17 12:00:00,Debit Card
CUST0073,33,Male,Sports,1,224.31,2025-10-13 20:00:00,Credit Card
CUST0073,33,Male,Books,4,31.86,2025-06-27 15:00:00,Credit Card
CUST0042,36,Male,Beauty,2,21.65,2025-04-13 13:00:00,Debit Card
CUST0112,18,Female,Clothing,4,155.1,2025-12-03 18:00:00,Cash
CUST0076,39,Male,Electronics,2,887.52,2025-12-17 17:00:00,Cash
CUST0112,18,Female,Sports,1,290.39,2025-04-04 14:00:00,Debit Card
CUST0101,27,Male,Home & Kitchen,4,256.8,2025-03-04 21:00:00,UPI
CUST0138,64,Female,Electronics,5,458.05,2025-09-19 14:00:00,Debit Card
CUST0024,63,Male,Clothing,5,43.75,2025-11-05 15:00:00,Credit Card
CUST0134,52,Male,Home & Kitchen,2,31.24,2025-10-04 17:00:00,UPI
CUST0185,39,Male,Home & Kitchen,5,227.47,2025-03-16 20:00:00,Debit Card
CUST0142,22,Male,Electronics,1,823.67,2025-11-24 10:00:00,UPI
CUST0064,29,Male,Home & Kitchen,3,497.24,2025-08-08 11:00:00,Cash
CUST0046,65,Female,Clothing,1,191.28,2025-08-27 21:00:00,UPI
CUST0050,20,Other,,1,263.82,2025-04-21 21:00:00,UPI
CUST0081,37,Male,Beauty,2,71.75,2025-07-28 22:00:00,Credit Card
CUST0006,47,Female,Electronics,1,505.16,2025-02-02 22:00:00,Cash
CUST0027,30,Female,Home & Kitchen,2,414.96,2025-02-20 10:00:00,Cash
CUST0176,46,Female,Beauty,5,85.68,2025-12-15 19:00:00,Credit Card
CUST0142,22,Male,Clothing,5,137.71,2025-03-31 09:00:00,Debit Card
CUST0120,26,Female,Books,4,9.91,2025-02-25 22:00:00,Cash
CUST0118,48,Male,Electronics,4,,2025-12-12 11:00:00,Cash
CUST0052,29,Female,Sports,2,108.21,2025-03-03 18:00:00,UPI
CUST0173,26,Male,Beauty,2,23.1,2025-05-17 12:00:00,Cash
CUST0066,54,Female,Home & Kitchen,4,293.15,2025-02-09 19:00:00,UPI
CUST0118,48,Male,Sports,2,,2025-09-01 08:00:00,Credit Card
CUST0119,44,Male,Home & Kitchen,4,83.9,2025-05-06 11:00:00,Debit Card
CUST0173,26,Male,Clothing,4,154.87,2025-11-29 18:00:00,Credit Card
CUST0199,48,Female,Books,1,40.0,2025-11-29 14:00:00,UPI
CUST0176,46,Female,Clothing,4,149.86,2025-02-18 16:00:00,Credit Card
CUST0081,37,Male,,1,,2025-02-20 16:00:00,Credit Card
CUST0114,45,Male,Books,3,11.84,2025-03-09 10:00:00,Credit Card
CUST0169,37,Female,Sports,2,164.36,2025-10-10 10:00:00,UPI
CUST0168,33,Female,Sports,3,253.62,2025-06-12 22:00:00,Debit Card
CUST0059,26,Female,Beauty,1,57.29,2025-06-27 12:00:00,Cash
CUST0003,38,Other,Home & Kitchen,2,245.84,2025-01-03 12:00:00,Debit Card
CUST0127,40,Male,Clothing,5,12.96,2025-04-16 22:00:00,Credit Card
CUST0074,42,Male,,5,206.99,2025-02-17 19:00:00,Credit Card
CUST0033,51,Male,Beauty,5,79.91,2025-08-13 19:00:00,Debit Card
CUST0187,30,Other,Electronics,2,71.35,2025-08-04 12:00:00,Cash
CUST0115,22,Female,Home & Kitchen,1,328.55,2025-11-19 09:00:00,Credit Card
CUST0041,30,Female,Electronics,5,378.07,2025-03-19 16:00:00,Cash
CUST0059,26,Female,Clothing,5,,2025-02-08 18:00:00,UPI
CUST0058,49,Female,Books,3,10.8,2025-10-29 12:00:00,Debit Card
CUST0043,59,Male,Books,4,31.84,2025-07-13 14:00:00,Debit Card
CUST0187,30,Other,Beauty,2,99.15,2025-06-22 14:00:00,Cash
CUST0015,63,Male,,4,170.99,2025-01-03 13:00:00,Debit Card
CUST0049,29,Female,Beauty,4,46.12,2025-03-23 15:00:00,Credit Card
CUST0021,43,Female,Books,2,42.53,2025-02-04 09:00:00,Cash
CUST0121,64,Female,Electronics,1,146.06,2025-02-19 20:00:00,Credit Card
CUST0109,47,Female,Books,3,27.52,2025-10-14 14:00:00,Cash
CUST0071,60,Male,Electronics,2,599.02,2025-03-05 10:00:00,UPI
CUST0049,29,Female,Beauty,2,82.33,2025-09-21 21:00:00,UPI
CUST0122,44,Male,Books,1,49.94,2025-02-23 14:00:00,Cash
CUST0143,20,Male,Beauty,3,54.37,2025-01-07 20:00:00,Cash
CUST0008,61,Female,Electronics,4,99.62,2025-07-28 08:00:00,Cash
CUST0113,55,Male,Beauty,5,23.26,2025-09-23 17:00:00,Cash
CUST0098,54,Male,Electronics,5,,2025-09-22 21:00:00,UPI
CUST0026,65,Male,Clothing,5,22.61,2025-10-08 19:00:00,UPI
CUST0147,32,Female,Sports,5,48.3,2025-06-07 19:00:00,UPI
CUST0084,62,Male,Electronics,3,897.81,2025-05-05 08:00:00,Credit Card
CUST0200,38,Female,Home & Kitchen,5,254.0,2025-02-10 14:00:00,UPI
CUST0127,40,Male,Books,5,48.72,2025-09-18 14:00:00,Cash
CUST0091,48,Female,Home & Kitchen,4,352.84,2025-11-22 13:00:00,Debit Card
CUST0199,48,Female,Beauty,3,34.62,2025-09-29 09:00:00,Debit Card
CUST0075,66,Male,Electronics,3,1477.38,2025-04-27 13:00:00,Cash
CUST0082,61,Female,,5,389.36,2025-07-05 20:00:00,Cash
CUST0135,32,Male,Clothing,3,146.09,2025-12-10 09:00:00,Cash
CUST0170,27,Female,Clothing,3,122.58,2025-02-03 21:00:00,UPI
CUST0123,42,Male,Books,4,43.61,2025-01-13 15:00:00,Cash
CUST0128,52,Male,Electronics,5,1481.47,2025-08-17 09:00:00,Cash
CUST0185,39,Male,Sports,5,297.24,2025-09-26 08:00:00,Credit Card
CUST0114,45,Male,Electronics,1,1169.99,2025-05-08 13:00:00,Debit Card
CUST0199,48,Female,,4,82.94,2025-01-20 18:00:00,Cash
CUST0004,48,Female,Electronics,2,607.96,2025-05-07 19:00:00,Credit Card
CUST0003,38,Other,Clothing,3,21.49,2025-11-12 22:00:00,Cash
CUST0127,40,Male,Home & Kitchen,2,207.58,2025-01-12 14:00:00,Credit Card
CUST0033,51,Male,Clothing,1,90.71,2025-02-27 09:00:00,Credit Card
CUST0129,26,Female,Books,3,14.08,2025-08-17 09:00:00,Cash
CUST0190,33,Female,Clothing,5,40.43,2025-08-25 11:00:00,Cash
CUST0037,67,Male,Electronics,3,590.87,2025-06-24 22:00:00,Debit Card
CUST0119,44,Male,Beauty,3,51.26,2025-11-27 17:00:00,Credit Card
CUST0122,44,Male,Home & Kitchen,1,261.01,2025-10-20 18:00:00,Debit Card
CUST0144,61,Female,Home & Kitchen,4,292.72,2025-10-17 22:00:00,Cash
CUST0082,61,Female,Books,2,16.72,2025-03-07 15:00:00,UPI
CUST0058,49,Female,Sports,5,194.64,2025-10-03 19:00:00,Credit Card
CUST0098,54,Male,Beauty,2,24.54,2025-08-09 16:00:00,Credit Card
CUST0167,66,Female,Books,1,21.59,2025-03-17 15:00:00,Cash
CUST0111,43,Male,Books,2,49.38,2025-08-20 12:00:00,UPI
CUST0065,39,Female,Sports,5,,2025-12-27 16:00:00,Debit Card
CUST0014,37,Female,Books,2,,2025-04-30 10:00:00,Debit Card
CUST0102,51,Male,Books,1,28.33,2025-08-05 10:00:00,Cash
CUST0055,56,Male,Electronics,2,1343.92,2025-02-07 19:00:00,Debit Card
CUST0196,41,Female,Sports,5,176.61,2025-04-29 11:00:00,Credit Card
CUST0021,43,Female,Beauty,5,77.63,2025-12-22 18:00:00,UPI
CUST0106,21,Male,Sports,1,293.8,2025-12-27 13:00:00,Credit Card
CUST0096,46,Female,Beauty,1,36.37,2025-03-16 08:00:00,UPI
CUST0126,52,Male,Books,3,29.45,2025-04-23 09:00:00,UPI
CUST0096,46,Female,Clothing,2,102.43,2025-02-26 15:00:00,Debit Card
CUST0057,59,Female,Books,4,11.81,2025-09-12 12:00:00,Debit Card
CUST0180,56,Male,Books,3,,2025-09-01 09:00:00,UPI
CUST0186,18,Male,Electronics,5,1284.38,2025-12-24 17:00:00,Debit Card
CUST0038,53,Other,Home & Kitchen,3,,2025-11-07 08:00:00,Credit Card
CUST0197,49,Male,Books,5,23.38,2025-08-03 22:00:00,UPI
CUST0062,28,Female,Home & Kitchen,5,73.01,2025-07-10 12:00:00,UPI
CUST0060,47,Male,Electronics,1,497.83,2025-05-05 17:00:00,Credit Card
CUST0197,49,Male,Electronics,2,475.2,2025-08-17 13:00:00,UPI
CUST0009,64,Female,Books,5,21.62,2025-11-05 21:00:00,Cash
CUST0176,46,Female,Beauty,2,56.09,2025-08-11 18:00:00,Credit Card
CUST0024,63,Male,Clothing,5,147.66,2025-04-18 09:00:00,Cash
CUST0179,42,Female,Clothing,5,21.55,2025-04-08 19:00:00,Cash
CUST0124,42,Male,Clothing,3,144.54,2025-08-28 19:00:00,Cash
CUST0133,64,Female,Sports,4,75.03,2025-03-11 10:00:00,Cash
CUST0102,51,Male,Books,2,24.32,2025-02-18 08:00:00,Debit Card
CUST0114,45,Male,Electronics,1,404.83,2025-11-14 18:00:00,Debit Card
CUST0152,54,Female,Home & Kitchen,5,404.57,2025-04-18 13:00:00,Credit Card
CUST0071,60,Male,Beauty,4,21.26,2025-07-16 11:00:00,Credit Card
CUST0007,39,Female,Beauty,1,23.99,2025-03-24 12:00:00,UPI
CUST0194,47,Female,Electronics,1,290.99,2025-02-28 08:00:00,Cash
CUST0019,36,Male,Home & Kitchen,4,113.94,2025-01-03 08:00:00,UPI
CUST0008,61,Female,Electronics,4,1491.78,2025-07-05 17:00:00,Cash
CUST0099,53,Female,Beauty,4,33.34,2025-06-16 09:00:00,Debit Card
CUST0012,33,Male,Electronics,3,62.29,2025-05-25 14:00:00,Debit Card
CUST0198,69,Other,Electronics,1,381.19,2025-01-23 21:00:00,Credit Card
CUST0026,65,Male,Books,4,19.08,2025-04-06 20:00:00,Cash
CUST0038,53,Other,Beauty,4,13.37,2025-07-09 09:00:00,Credit Card
CUST0162,40,Female,Beauty,4,32.48,2025-03-10 19:00:00,Debit Card
CUST0151,64,Female,Beauty,3,71.54,2025-10-10 12:00:00,Credit Card
CUST0189,66,Male,Clothing,3,63.48,2025-02-01 09:00:00,Cash
CUST0145,21,Male,Sports,4,246.13,2025-08-11 18:00:00,Cash
CUST0044,67,Male,Electronics,5,992.9,2025-09-02 21:00:00,Debit Card
CUST0158,53,Female,Home & Kitchen,2,232.17,2025-12-06 22:00:00,Debit Card
CUST0059,26,Female,Books,2,6.81,2025-10-10 12:00:00,Credit Card
CUST0186,18,Male,Beauty,4,63.33,2025-12-31 17:00:00,Credit Card
CUST0040,48,Male,Home & Kitchen,5,458.6,2025-07-20 14:00:00,Debit Card
CUST0053,36,Female,Sports,3,171.41,2025-03-14 19:00:00,Credit Card
CUST0107,50,Male,Electronics,4,1031.52,2025-01-14 12:00:00,Credit Card
CUST0066,54,Female,Beauty,4,48.78,2025-06-30 10:00:00,Debit Card
CUST0169,37,Female,,5,,2025-09-29 19:00:00,UPI
CUST0089,56,Male,Home & Kitchen,1,350.13,2025-09-02 12:00:00,Credit Card
CUST0163,60,Male,Beauty,4,74.51,2025-03-25 10:00:00,Debit Card
CUST0185,39,Male,Books,3,5.36,2025-09-28 17:00:00,Debit Card
CUST0167,66,Female,Clothing,5,102.77,2025-05-27 14:00:00,Cash
CUST0180,56,Male,Electronics,3,788.27,2025-07-23 11:00:00,Debit Card
CUST0004,48,Female,Books,5,44.1,2025-08-15 21:00:00,Debit Card
CUST0050,20,Other,Home & Kitchen,2,305.14,2025-09-10 16:00:00,Cash
CUST0081,37,Male,Clothing,3,65.38,2025-09-09 17:00:00,Debit Card
CUST0033,51,Male,Beauty,1,34.84,2025-05-06 12:00:00,Debit Card
CUST0011,57,Female,Sports,2,69.98,2025-02-20 09:00:00,UPI
CUST0047,20,Female,,5,165.52,2025-02-28 09:00:00,Debit Card
CUST0137,30,Female,,1,16.52,2025-08-24 19:00:00,Cash
CUST0107,50,Male,Clothing,5,149.32,2025-12-04 10:00:00,Credit Card
CUST0031,55,Male,Clothing,3,140.72,2025-12-01 19:00:00,Cash
CUST0117,22,Other,Books,5,34.61,2025-01-23 18:00:00,Cash
CUST0097,41,Male,Sports,1,276.76,2025-07-09 19:00:00,Debit Card
CUST0006,47,Female,,5,300.25,2025-09-20 08:00:00,Debit Card
CUST0118,48,Male,Electronics,1,1425.79,2025-11-14 14:00:00,UPI
CUST0169,37,Female,Beauty,5,29.31,2025-11-07 19:00:00,Credit Card
CUST0196,41,Female,Books,1,24.27,2025-07-30 13:00:00,Credit Card
CUST0126,52,Male,Home & Kitchen,3,424.15,2025-07-03 08:00:00,Cash
CUST0009,64,Female,Sports,2,199.47,2025-10-09 15:00:00,Credit Card
CUST0124,42,Male,Clothing,5,165.71,2025-11-25 12:00:00,Credit Card
CUST0146,20,Male,Home & Kitchen,5,278.61,2025-12-27 12:00:00,UPI
CUST0112,18,Female,,3,452.3,2025-04-23 19:00:00,UPI
CUST0027,30,Female,Sports,5,261.48,2025-10-15 14:00:00,Debit Card
CUST0198,69,Other,,5,165.93,2025-11-10 11:00:00,Credit Card
CUST0112,18,Female,Beauty,4,12.85,2025-11-13 10:00:00,Debit Card
CUST0173,26,Male,,4,,2025-07-11 21:00:00,UPI
CUST0090,62,Female,Beauty,2,28.54,2025-05-08 16:00:00,UPI
CUST0181,22,Male,Sports,2,156.08,2025-07-12 08:00:00,UPI
CUST0183,60,Female,Beauty,3,28.2,2025-09-28 18:00:00,Credit Card
CUST0079,62,Male,Electronics,2,790.7,2025-03-12 17:00:00,Cash
CUST0145,21,Male,Sports,5,118.36,2025-09-29 10:00:00,UPI
CUST0166,37,Male,Books,3,48.63,2025-10-21 18:00:00,Debit Card
CUST0089,56,Male,,2,35.5,2025-08-08 17:00:00,Credit Card
CUST0193,67,Male,Books,1,33.63,2025-06-26 21:00:00,Debit Card
CUST0096,46,Female,Home & Kitchen,2,277.49,2025-08-13 18:00:00,Cash
CUST0048,29,Male,Clothing,2,163.74,2025-07-29 15:00:00,Credit Card
CUST0052,29,Female,Clothing,3,,2025-06-04 21:00:00,UPI
CUST0108,54,Male,Beauty,4,16.0,2025-06-13 18:00:00,Credit Card
CUST0176,46,Female,Sports,3,71.62,2025-04-04 14:00:00,Cash
CUST0126,52,Male,Clothing,2,132.64,2025-10-04 20:00:00,Cash
CUST0059,26,Female,Books,2,6.52,2025-07-13 18:00:00,Cash
CUST0005,38,Female,Books,3,18.27,2025-06-14 14:00:00,Cash
CUST0132,37,Male,Beauty,1,98.69,2025-06-14 08:00:00,UPI
CUST0122,44,Male,Clothing,1,191.0,2025-05-19 12:00:00,Debit Card
CUST0117,22,Other,Beauty,1,87.55,2025-02-17 19:00:00,Cash
CUST0103,61,Male,Sports,2,16.03,2025-10-31 19:00:00,Credit Card
CUST0086,32,Male,Electronics,4,1281.06,2025-02-23 11:00:00,Debit Card
CUST0180,56,Male,Beauty,2,89.32,2025-11-13 18:00:00,Cash
CUST0161,53,Female,Beauty,1,97.58,2025-07-13 13:00:00,Credit Card
CUST0083,63,Female,Clothing,3,19.57,2025-11-26 14:00:00,Cash
CUST0138,64,Female,Sports,4,290.33,2025-05-05 20:00:00,UPI
CUST0127,40,Male,Sports,4,285.57,2025-06-12 15:00:00,Cash
CUST0158,53,Female,Beauty,4,9.26,2025-04-13 18:00:00,UPI
CUST0047,20,Female,Clothing,2,40.64,2025-06-12 17:00:00,Debit Card
CUST0168,33,Female,Beauty,4,79.7,2025-03-06 22:00:00,Debit Card
CUST0045,54,Male,Books,3,49.01,2025-02-04 13:00:00,Credit Card
CUST0147,32,Female,Books,1,40.08,2025-02-21 22:00:00,UPI
CUST0156,51,Male,Clothing,5,146.0,2025-10-25 19:00:00,UPI
CUST0136,40,Male,Home & Kitchen,2,487.51,2025-12-03 11:00:00,UPI
CUST0138,64,Female,Clothing,2,96.93,2025-09-08 16:00:00,UPI
CUST0017,48,Male,,1,172.44,2025-07-02 11:00:00,Debit Card
CUST0142,22,Male,Beauty,4,92.82,2025-04-01 19:00:00,Debit Card
CUST0090,62,Female,Beauty,5,74.04,2025-04-10 19:00:00,Cash
CUST0140,44,Female,Clothing,1,149.84,2025-05-07 12:00:00,Credit Card
CUST0177,23,Female,Home & Kitchen,4,447.07,2025-06-25 10:00:00,UPI
CUST0056,39,Male,Beauty,1,67.42,2025-11-29 09:00:00,Credit Card
CUST0060,47,Male,Books,3,11.68,2025-09-11 10:00:00,Cash
CUST0070,38,Male,Electronics,2,1127.55,2025-01-29 11:00:00,Cash
CUST0026,65,Male,Books,4,19.08,2025-04-06 20:00:00,Cash
CUST0165,44,Male,Clothing,3,60.18,2025-03-31 21:00:00,Credit Card
CUST0031,55,Male,Beauty,2,97.36,2025-03-06 08:00:00,Cash
CUST0148,66,Female,Sports,3,96.17,2025-05-21 15:00:00,Cash
CUST0080,60,Male,Books,2,7.61,2025-08-11 09:00:00,Cash
CUST0003,38,Other,Beauty,4,45.13,2025-08-06 12:00:00,Credit Card
CUST0098,54,Male,Books,3,14.66,2025-05-24 15:00:00,Debit Card
CUST0081,37,Male,Books,3,35.84,2025-02-19 16:00:00,UPI
CUST0110,37,Female,Books,4,25.25,2025-07-11 10:00:00,Debit Card
CUST0017,48,Male,Clothing,4,71.6,2025-10-22 16:00:00,Debit Card
CUST0121,64,Female,Clothing,4,110.67,2025-03-19 10:00:00,Debit Card
CUST0046,65,Female,Sports,2,224.74,2025-07-03 08:00:00,Debit Card
CUST0008,61,Female,Electronics,3,1303.15,2025-10-04 22:00:00,UPI
CUST0147,32,Female,Books,3,48.23,2025-05-29 10:00:00,Credit Card
CUST0049,29,Female,Beauty,1,64.52,2025-12-23 20:00:00,Cash
CUST0083,63,Female,Beauty,1,14.14,2025-01-23 21:00:00,Debit Card
CUST0200,38,Female,Sports,1,61.85,2025-07-28 09:00:00,UPI
CUST0089,56,Male,Books,4,8.6,2025-08-17 08:00:00,Credit Card
CUST0168,33,Female,Electronics,2,492.35,2025-07-10 18:00:00,Debit Card
CUST0077,64,Female,Electronics,5,1361.7,2025-10-01 15:00:00,Debit Card
CUST0146,20,Male,Beauty,2,41.88,2025-02-17 13:00:00,Cash
CUST0016,63,Female,Clothing,4,80.73,2025-11-27 09:00:00,UPI
CUST0112,18,Female,Books,3,49.56,2025-11-10 16:00:00,Cash
CUST0076,39,Male,Books,2,27.27,2025-09-13 18:00:00,Credit Card
CUST0026,65,Male,Books,2,31.36,2025-08-11 18:00:00,UPI
CUST0063,59,Male,Beauty,1,,2025-12-13 14:00:00,Cash
CUST0111,43,Male,Home & Kitchen,2,173.67,2025-12-21 10:00:00,UPI
CUST0070,38,Male,Beauty,3,76.05,2025-08-19 14:00:00,Debit Card
CUST0103,61,Male,Sports,5,,2025-04-26 13:00:00,Cash
CUST0191,63,Male,Clothing,1,182.17,2025-06-05 08:00:00,Debit Card
CUST0030,24,Female,Clothing,3,126.96,2025-05-05 19:00:00,Credit Card
CUST0029,62,Male,Clothing,4,151.2,2025-04-16 10:00:00,Debit Card
CUST0189,66,Male,Home & Kitchen,4,118.55,2025-01-04 13:00:00,Credit Card
CUST0163,60,Male,Home & Kitchen,4,368.9,2025-11-10 10:00:00,Cash
CUST0079,62,Male,Clothing,3,50.23,2025-09-20 10:00:00,Debit Card
CUST0099,53,Female,Electronics,3,1330.87,2025-11-07 18:00:00,Credit Card
CUST0177,23,Female,Home & Kitchen,1,94.29,2025-05-10 12:00:00,Cash
CUST0198,69,Other,Beauty,1,14.87,2025-02-13 18:00:00,Cash
CUST0065,39,Female,Books,5,34.63,2025-06-07 19:00:00,Cash
CUST0087,26,Male,Home & Kitchen,2,371.53,2025-11-24 15:00:00,UPI
CUST0168,33,Female,Beauty,1,20.28,2025-09-17 14:00:00,Cash
CUST0090,62,Female,Home & Kitchen,5,342.77,2025-09-24 19:00:00,Debit Card
CUST0195,40,Male,Beauty,3,,2025-04-16 16:00:00,UPI
CUST0109,47,Female,Sports,5,89.13,2025-08-28 19:00:00,Debit Card
CUST0111,43,Male,Books,2,10.2,2025-11-12 22:00:00,UPI
CUST0158,53,Female,Books,2,8.9,2025-03-05 17:00:00,Cash
CUST0180,56,Male,Home & Kitchen,1,298.77,2025-11-23 21:00:00,Cash
CUST0117,22,Other,Clothing,4,,2025-05-16 22:00:00,Credit Card
CUST0169,37,Female,Books,5,6.99,2025-12-13 18:00:00,Cash
CUST0142,22,Male,Books,3,,2025-06-30 16:00:00,Credit Card
CUST0169,37,Female,Home & Kitchen,5,33.1,2025-03-06 16:00:00,Credit Card
CUST0157,37,Male,Electronics,5,1178.86,2025-09-20 22:00:00,Cash
CUST0119,44,Male,Electronics,4,602.68,2025-04-10 14:00:00,Credit Card
CUST0002,51,Male,Beauty,1,88.61,2025-04-26 19:00:00,Cash
CUST0132,37,Male,Beauty,5,29.59,2025-06-01 19:00:00,UPI
CUST0155,27,Other,Beauty,3,30.9,2025-01-10 20:00:00,Cash
CUST0003,38,Other,Home & Kitchen,3,365.57,2025-05-19 16:00:00,UPI
CUST0160,58,Female,Sports,3,153.75,2025-05-31 08:00:00,Cash
CUST0004,48,Female,Home & Kitchen,1,475.37,2025-05-27 18:00:00,Cash
CUST0128,52,Male,Beauty,1,52.46,2025-07-08 10:00:00,UPI
CUST0075,66,Male,Clothing,3,88.55,2025-05-08 08:00:00,Credit Card
CUST0128,52,Male,Home & Kitchen,3,100.14,2025-05-18 19:00:00,Credit Card
CUST0119,44,Male,Books,5,39.67,2025-12-13 19:00:00,Debit Card
CUST0146,20,Male,Beauty,2,49.63,2025-09-28 19:00:00,UPI
CUST0174,34,Male,Sports,5,162.9,2025-05-16 17:00:00,Cash
CUST0102,51,Male,Electronics,3,672.61,2025-05-06 09:00:00,Debit Card
CUST0078,34,Female,,1,22.91,2025-04-11 16:00:00,Cash
CUST0029,62,Male,Home & Kitchen,2,227.22,2025-11-17 13:00:00,Cash
CUST0020,61,Female,Electronics,3,644.64,2025-04-17 16:00:00,Credit Card
CUST0014,37,Female,,4,489.95,2025-10-24 17:00:00,UPI
CUST0168,33,Female,Clothing,4,142.23,2025-03-16 11:00:00,Debit Card
CUST0031,55,Male,Home & Kitchen,1,449.88,2025-04-02 14:00:00,UPI
CUST0054,18,Male,Home & Kitchen,5,284.77,2025-05-18 09:00:00,Debit Card
CUST0030,24,Female,Books,4,37.6,2025-01-15 21:00:00,Debit Card
CUST0091,48,Female,Home & Kitchen,1,228.39,2025-06-03 11:00:00,Credit Card
CUST0048,29,Male,Home & Kitchen,4,282.45,2025-08-13 20:00:00,Cash
CUST0106,21,Male,Books,4,17.59,2025-03-12 21:00:00,Debit Card
CUST0032,21,Female,Electronics,1,293.58,2025-07-22 15:00:00,Credit Card
CUST0108,54,Male,Clothing,2,15.47,2025-05-01 17:00:00,Cash
CUST0049,29,Female,Electronics,5,1134.38,2025-03-30 18:00:00,UPI
CUST0146,20,Male,Sports,4,,2025-12-04 22:00:00,Debit Card
CUST0022,67,Female,Clothing,4,25.52,2025-08-20 21:00:00,Cash
CUST0155,27,Other,,4,240.05,2025-03-07 13:00:00,UPI
CUST0127,40,Male,Home & Kitchen,3,182.12,2025-10-17 21:00:00,Cash
CUST0199,48,Female,Beauty,5,86.89,2025-05-13 09:00:00,Cash
CUST0052,29,Female,,1,494.75,2025-04-09 18:00:00,Credit Card
CUST0002,51,Male,Sports,3,182.42,2025-02-06 17:00:00,Credit Card
CUST0186,18,Male,Sports,3,116.78,2025-05-01 09:00:00,UPI
CUST0172,44,Female,Home & Kitchen,5,460.93,2025-01-21 18:00:00,UPI
CUST0059,26,Female,Clothing,4,157.07,2025-08-02 17:00:00,Credit Card
CUST0029,62,Male,,4,100.39,2025-02-04 11:00:00,Cash
CUST0111,43,Male,Clothing,5,184.25,2025-10-13 16:00:00,Credit Card
CUST0151,64,Female,Beauty,3,56.44,2025-10-13 08:00:00,UPI
CUST0045,54,Male,Books,5,40.41,2025-10-29 21:00:00,Debit Card
CUST0134,52,Male,Clothing,3,184.42,2025-03-03 15:00:00,Cash
CUST0100,30,Female,Beauty,1,8.79,2025-02-22 19:00:00,UPI
CUST0082,61,Female,Sports,3,213.95,2025-02-03 17:00:00,UPI
CUST0020,61,Female,Books,4,13.46,2025-08-11 09:00:00,UPI
CUST0181,22,Male,Books,2,24.96,2025-07-07 20:00:00,UPI
CUST0021,43,Female,Home & Kitchen,4,291.2,2025-04-26 12:00:00,Credit Card
CUST0072,26,Male,Home & Kitchen,3,152.1,2025-02-27 17:00:00,Debit Card
CUST0194,47,Female,Sports,5,157.45,2025-05-01 13:00:00,Cash
CUST0057,59,Female,,3,343.47,2025-04-09 09:00:00,UPI
CUST0085,36,Male,Books,4,26.56,2025-11-28 21:00:00,Cash
CUST0126,52,Male,Sports,1,105.2,2025-12-16 11:00:00,UPI
CUST0141,19,Male,,2,457.0,2025-12-04 21:00:00,Debit Card
CUST0093,31,Female,Clothing,2,184.92,2025-02-25 12:00:00,Cash
CUST0153,61,Female,Books,2,47.82,2025-03-13 10:00:00,UPI
CUST0154,33,Male,Books,4,15.16,2025-08-08 11:00:00,Credit Card
CUST0054,18,Male,Books,1,7.67,2025-03-15 15:00:00,Debit Card
CUST0035,44,Male,Sports,5,117.33,2025-11-15 14:00:00,Credit Card
CUST0153,61,Female,Books,2,47.77,2025-12-29 09:00:00,Credit Card
CUST0060,47,Male,Sports,5,18.02,2025-08-08 22:00:00,Credit Card
CUST0134,52,Male,Electronics,3,1372.21,2025-12-26 16:00:00,Cash
CUST0096,46,Female,Electronics,3,500.88,2025-12-23 18:00:00,Credit Card
CUST0136,40,Male,Beauty,1,47.98,2025-10-13 20:00:00,Credit Card
CUST0197,49,Male,Home & Kitchen,4,81.07,2025-03-17 21:00:00,Credit Card
CUST0050,20,Other,Sports,3,105.62,2025-11-22 11:00:00,Credit Card
CUST0079,62,Male,Beauty,3,78.23,2025-09-28 21:00:00,Credit Card
CUST0149,21,Male,Sports,5,100.4,2025-02-23 15:00:00,Credit Card
CUST0014,37,Female,Home & Kitchen,3,43.38,2025-11-24 22:00:00,Credit Card
CUST0141,19,Male,Home & Kitchen,2,118.64,2025-01-05 12:00:00,Cash
CUST0059,26,Female,Sports,3,131.77,2025-06-16 22:00:00,Cash
CUST0064,29,Male,Sports,2,101.81,2025-02-12 21:00:00,Debit Card
CUST0105,50,Male,Beauty,2,85.49,2025-06-09 13:00:00,Debit Card
CUST0026,65,Male,Electronics,1,1180.22,2025-02-05 13:00:00,UPI
CUST0027,30,Female,Sports,5,267.64,2025-01-01 22:00:00,Debit Card
CUST0097,41,Male,,1,384.09,2025-01-23 10:00:00,Debit Card
CUST0191,63,Male,Electronics,5,1290.44,2025-05-21 11:00:00,Credit Card
CUST0138,64,Female,,4,405.02,2025-02-24 22:00:00,Credit Card
CUST0106,21,Male,Electronics,1,275.66,2025-04-26 15:00:00,Cash
CUST0179,42,Female,Home & Kitchen,4,392.19,2025-02-13 08:00:00,UPI
CUST0127,40,Male,Clothing,5,102.57,2025-10-08 14:00:00,Cash
CUST0063,59,Male,Electronics,4,518.95,2025-02-15 09:00:00,Cash
CUST0106,21,Male,Home & Kitchen,4,491.89,2025-10-02 20:00:00,Debit Card
CUST0012,33,Male,Electronics,3,302.51,2025-03-31 13:00:00,Debit Card
CUST0006,47,Female,Books,2,,2025-12-28 15:00:00,UPI
CUST0067,30,Male,Clothing,1,185.16,2025-11-20 10:00:00,Cash
CUST0006,47,Female,Electronics,5,927.06,2025-10-29 20:00:00,Cash
CUST0152,54,Female,Sports,1,36.02,2025-08-18 22:00:00,Cash
CUST0185,39,Male,Books,3,47.63,2025-11-07 15:00:00,Cash
CUST0176,46,Female,Electronics,4,995.53,2025-07-07 21:00:00,Cash
CUST0053,36,Female,Books,5,35.78,2025-03-12 12:00:00,Debit Card
CUST0084,62,Male,Sports,3,292.9,2025-07-11 15:00:00,UPI
CUST0022,67,Female,Electronics,1,533.55,2025-05-29 17:00:00,Cash
CUST0147,32,Female,Sports,2,93.49,2025-11-08 18:00:00,Cash
CUST0036,48,Male,Books,3,6.12,2025-04-23 15:00:00,UPI
CUST0138,64,Female,Home & Kitchen,3,478.55,2025-12-22 14:00:00,UPI
CUST0073,33,Male,Beauty,1,50.03,2025-03-11 19:00:00,Cash
CUST0145,21,Male,Home & Kitchen,3,473.5,2025-11-21 12:00:00,Cash
CUST0177,23,Female,Clothing,2,182.75,2025-01-21 10:00:00,Cash
CUST0179,42,Female,Sports,5,66.24,2025-10-10 21:00:00,Cash
CUST0037,67,Male,Clothing,5,197.46,2025-10-30 20:00:00,Cash
CUST0085,36,Male,Clothing,5,189.79,2025-10-04 18:00:00,UPI
CUST0025,46,Female,Clothing,5,111.31,2025-04-18 18:00:00,Debit Card
CUST0011,57,Female,Clothing,5,33.45,2025-01-03 14:00:00,UPI
CUST0192,33,Female,Books,4,,2025-02-07 08:00:00,Debit Card
CUST0028,35,Female,Electronics,3,1098.13,2025-10-31 15:00:00,Credit Card
CUST0059,26,Female,Books,3,12.35,2025-04-30 22:00:00,Debit Card
CUST0038,53,Other,Electronics,3,345.8,2025-07-03 21:00:00,Cash
CUST0123,42,Male,Books,1,23.95,2025-12-16 19:00:00,Debit Card
CUST0131,66,Male,Clothing,2,111.91,2025-11-21 20:00:00,Credit Card
CUST0045,54,Male,Clothing,2,169.03,2025-08-22 08:00:00,UPI
CUST0123,42,Male,Beauty,1,5.9,2025-01-04 18:00:00,Credit Card
CUST0007,39,Female,Clothing,2,77.13,2025-12-17 14:00:00,Credit Card
CUST0099,53,Female,Electronics,4,814.07,2025-04-23 19:00:00,Credit Card
CUST0032,21,Female,Electronics,1,700.67,2025-01-03 15:00:00,UPI
CUST0134,52,Male,Books,2,7.65,2025-07-30 12:00:00,UPI
CUST0105,50,Male,Electronics,3,229.24,2025-03-11 15:00:00,UPI
CUST0054,18,Male,Sports,5,199.76,2025-06-28 20:00:00,Debit Card
CUST0113,55,Male,Beauty,3,58.6,2025-12-23 18:00:00,Credit Card
CUST0071,60,Male,Sports,5,131.64,2025-01-02 12:00:00,UPI
CUST0076,39,Male,Sports,2,262.91,2025-09-16 08:00:00,Debit Card
CUST0091,48,Female,Electronics,3,1269.07,2025-07-12 18:00:00,Debit Card
CUST0176,46,Female,Home & Kitchen,3,133.38,2025-09-14 12:00:00,Credit Card
CUST0029,62,Male,Beauty,5,8.88,2025-11-28 16:00:00,Credit Card
CUST0031,55,Male,Electronics,1,505.64,2025-05-23 21:00:00,Debit Card
CUST0198,69,Other,Clothing,4,45.14,2025-11-17 15:00:00,Credit Card
CUST0019,36,Male,Clothing,3,36.68,2025-10-27 18:00:00,Debit Card
CUST0025,46,Female,Electronics,2,250.69,2025-10-26 11:00:00,Debit Card
CUST0101,27,Male,Beauty,1,21.99,2025-12-31 22:00:00,Debit Card
CUST0095,68,Male,Home & Kitchen,5,434.76,2025-01-09 12:00:00,Cash
CUST0040,48,Male,Books,1,38.28,2025-11-14 22:00:00,Debit Card
CUST0094,61,Female,Home & Kitchen,4,138.54,2025-04-04 08:00:00,Credit Card
CUST0024,63,Male,Books,2,46.93,2025-11-04 09:00:00,UPI
CUST0052,29,Female,Clothing,2,135.33,2025-08-10 10:00:00,Cash
CUST0128,52,Male,Sports,4,,2025-06-23 08:00:00,UPI
CUST0200,38,Female,Books,4,16.24,2025-10-28 14:00:00,Credit Card
CUST0016,63,Female,Home & Kitchen,2,356.68,2025-03-16 19:00:00,UPI
CUST0088,47,Female,Clothing,1,151.94,2025-12-11 09:00:00,Cash
CUST0196,41,Female,Electronics,2,1306.2,2025-07-10 17:00:00,Cash
CUST0045,54,Male,Home & Kitchen,1,207.83,2025-05-30 16:00:00,Credit Card
CUST0030,24,Female,Books,5,37.5,2025-03-06 18:00:00,Cash
CUST0017,48,Male,Electronics,3,711.09,2025-09-26 13:00:00,Cash
CUST0152,54,Female,Books,4,21.64,2025-12-25 11:00:00,Cash
CUST0042,36,Male,Beauty,1,33.02,2025-02-23 09:00:00,UPI
CUST0112,18,Female,Sports,2,86.28,2025-05-24 14:00:00,Credit Card
CUST0074,42,Male,Clothing,4,148.44,2025-10-28 17:00:00,Credit Card
CUST0177,23,Female,Electronics,1,393.8,2025-06-03 21:00:00,Debit Card
CUST0178,30,Male,Books,3,35.63,2025-01-02 14:00:00,Credit Card
CUST0190,33,Female,Sports,3,183.63,2025-04-11 19:00:00,Debit Card
CUST0051,43,Female,Electronics,2,490.11,2025-10-09 12:00:00,Debit Card
CUST0054,18,Male,Books,3,,2025-02-15 22:00:00,Credit Card
CUST0156,51,Male,Beauty,5,90.86,2025-07-07 21:00:00,Debit Card
CUST0062,28,Female,Electronics,2,436.8,2025-09-29 15:00:00,UPI
CUST0156,51,Male,Sports,5,197.57,2025-10-28 19:00:00,Credit Card
CUST0053,36,Female,,4,359.7,2025-01-03 12:00:00,Credit Card
CUST0190,33,Female,Home & Kitchen,5,103.45,2025-07-07 17:00:00,Credit Card
CUST0095,68,Male,Home & Kitchen,2,327.96,2025-02-05 16:00:00,Credit Card
CUST0109,47,Female,Books,4,6.55,2025-11-20 19:00:00,Credit Card
CUST0021,43,Female,Beauty,3,79.56,2025-12-05 12:00:00,Credit Card
CUST0119,44,Male,Books,2,33.83,2025-08-04 18:00:00,Cash
CUST0044,67,Male,Books,1,31.73,2025-10-26 08:00:00,Cash
CUST0149,21,Male,Books,5,11.97,2025-05-08 10:00:00,Cash
CUST0109,47,Female,Books,1,18.42,2025-06-01 08:00:00,Credit Card
CUST0018,68,Female,Home & Kitchen,2,,2025-04-09 12:00:00,UPI
CUST0072,26,Male,Electronics,2,409.36,2025-04-24 22:00:00,Debit Card
CUST0173,26,Male,Beauty,4,88.87,2025-04-03 16:00:00,Cash
CUST0080,60,Male,Electronics,2,1278.32,2025-06-13 20:00:00,UPI
CUST0014,37,Female,Beauty,1,11.33,2025-12-06 21:00:00,UPI
CUST0162,40,Female,Home & Kitchen,2,,2025-10-19 08:00:00,UPI
CUST0163,60,Male,Home & Kitchen,1,190.26,2025-09-11 08:00:00,Cash
CUST0095,68,Male,Books,5,,2025-02-06 21:00:00,UPI
CUST0158,53,Female,Home & Kitchen,2,362.19,2025-10-01 09:00:00,Cash
CUST0150,36,Male,Home & Kitchen,1,245.86,2025-10-26 17:00:00,Credit Card
CUST0084,62,Male,Beauty,4,39.68,2025-04-13 17:00:00,Debit Card
CUST0168,33,Female,Books,4,31.7,2025-10-08 15:00:00,Cash
CUST0165,44,Male,Clothing,4,171.86,2025-02-08 20:00:00,Cash
CUST0143,20,Male,Books,1,47.71,2025-05-06 10:00:00,Cash
CUST0138,64,Female,Home & Kitchen,5,129.36,2025-12-26 18:00:00,Debit Card
CUST0070,38,Male,Electronics,3,924.63,2025-01-15 11:00:00,UPI
CUST0180,56,Male,Clothing,5,34.47,2025-09-17 19:00:00,Cash
CUST0163,60,Male,Beauty,4,,2025-04-13 19:00:00,UPI
CUST0125,61,Other,Home & Kitchen,2,170.44,2025-08-20 12:00:00,Debit Card
CUST0054,18,Male,,1,185.81,2025-12-13 10:00:00,Debit Card
CUST0176,46,Female,Clothing,4,78.26,2025-07-26 08:00:00,Debit Card
CUST0198,69,Other,Electronics,3,711.09,2025-03-24 19:00:00,UPI
CUST0155,27,Other,Beauty,4,72.64,2025-07-06 09:00:00,Debit Card
CUST0010,69,Female,,2,355.76,2025-03-09 09:00:00,Cash
CUST0185,39,Male,Books,3,44.15,2025-10-10 11:00:00,Cash
CUST0008,61,Female,Beauty,1,90.03,2025-10-31 17:00:00,UPI
CUST0115,22,Female,Clothing,3,128.46,2025-01-21 22:00:00,Cash
CUST0200,38,Female,,3,110.67,2025-04-07 19:00:00,Cash
CUST0183,60,Female,Beauty,2,75.65,2025-03-17 17:00:00,UPI
CUST0070,38,Male,,3,332.75,2025-01-22 19:00:00,Cash
CUST0065,39,Female,Home & Kitchen,3,111.51,2025-03-12 21:00:00,UPI
CUST0130,32,Female,Electronics,1,1312.76,2025-03-22 19:00:00,UPI
CUST0192,33,Female,Clothing,1,78.82,2025-02-22 18:00:00,Debit Card
CUST0142,22,Male,Sports,1,16.43,2025-10-03 16:00:00,Credit Card
CUST0127,40,Male,Clothing,2,141.71,2025-04-20 11:00:00,Cash
CUST0131,66,Male,Books,1,46.69,2025-12-17 13:00:00,Credit Card
CUST0121,64,Female,Clothing,5,154.95,2025-12-15 22:00:00,UPI
CUST0165,44,Male,Sports,3,267.37,2025-08-17 08:00:00,UPI
CUST0160,58,Female,Electronics,1,471.77,2025-10-30 08:00:00,Credit Card
CUST0085,36,Male,Home & Kitchen,5,274.64,2025-11-29 08:00:00,Credit Card
CUST0058,49,Female,Electronics,2,142.4,2025-12-31 17:00:00,Cash
CUST0016,63,Female,Home & Kitchen,2,161.45,2025-10-10 22:00:00,Cash
CUST0170,27,Female,Books,3,45.25,2025-05-18 22:00:00,Credit Card
CUST0100,30,Female,Electronics,2,453.6,2025-02-02 17:00:00,Credit Card
CUST0074,42,Male,Clothing,1,39.3,2025-12-14 10:00:00,Credit Card
CUST0098,54,Male,Books,5,40.16,2025-10-17 16:00:00,UPI
CUST0082,61,Female,Electronics,1,82.75,2025-02-25 18:00:00,Debit Card
CUST0143,20,Male,Books,3,44.81,2025-08-09 10:00:00,UPI
CUST0099,53,Female,Home & Kitchen,1,428.44,2025-03-17 17:00:00,Credit Card
CUST0151,64,Female,Books,4,49.65,2025-07-28 17:00:00,UPI
CUST0163,60,Male,Sports,4,159.4,2025-08-07 12:00:00,UPI
CUST0162,40,Female,Sports,2,19.45,2025-01-04 08:00:00,Debit Card
CUST0069,70,Male,Clothing,4,119.18,2025-09-09 15:00:00,Cash
CUST0181,22,Male,Electronics,5,936.1,2025-10-30 18:00:00,Debit Card
CUST0164,51,Male,Electronics,1,1466.16,2025-10-16 20:00:00,Cash
CUST0071,60,Male,Beauty,1,39.31,2025-11-17 15:00:00,Debit Card
CUST0068,58,Female,Electronics,1,563.92,2025-07-23 16:00:00,Cash
CUST0010,69,Female,Sports,5,177.08,2025-08-11 13:00:00,UPI
CUST0031,55,Male,Beauty,4,11.73,2025-02-22 09:00:00,UPI
CUST0049,29,Female,,4,216.32,2025-01-17 10:00:00,Debit Card
CUST0051,43,Female,Beauty,1,50.22,2025-10-29 11:00:00,Cash
CUST0125,61,Other,Sports,2,71.68,2025-10-15 22:00:00,Credit Card
CUST0161,53,Female,Electronics,3,819.83,2025-05-19 19:00:00,Debit Card
CUST0104,55,Female,,5,410.56,2025-09-29 15:00:00,Credit Card
CUST0073,33,Male,Sports,2,86.44,2025-06-04 13:00:00,Cash
CUST0143,20,Male,Beauty,1,23.04,2025-06-05 20:00:00,UPI
CUST0019,36,Male,,1,79.78,2025-11-20 17:00:00,UPI
CUST0020,61,Female,Clothing,3,69.05,2025-02-19 08:00:00,Cash
CUST0139,20,Female,Books,2,8.17,2025-06-24 22:00:00,UPI
CUST0192,33,Female,Sports,4,150.26,2025-08-11 08:00:00,UPI
CUST0059,26,Female,Beauty,4,38.3,2025-12-23 17:00:00,Credit Card
CUST0136,40,Male,Electronics,3,241.38,2025-10-19 14:00:00,UPI
CUST0134,52,Male,Sports,4,194.74,2025-12-09 09:00:00,UPI
CUST0085,36,Male,,4,496.93,2025-05-26 17:00:00,Debit Card
CUST0153,61,Female,Electronics,1,119.94,2025-08-16 14:00:00,Credit Card
CUST0196,41,Female,Sports,2,,2025-04-25 09:00:00,Cash
CUST0031,55,Male,Sports,5,101.29,2025-12-03 17:00:00,Cash
CUST0122,44,Male,Home & Kitchen,4,222.83,2025-02-20 22:00:00,UPI
CUST0177,23,Female,Books,5,22.31,2025-12-25 13:00:00,Credit Card
CUST0163,60,Male,Books,1,40.81,2025-08-08 21:00:00,Debit Card
CUST0142,22,Male,Beauty,1,96.41,2025-09-18 22:00:00,Debit Card
CUST0173,26,Male,Books,3,24.74,2025-10-29 12:00:00,Credit Card
CUST0058,49,Female,,5,46.22,2025-09-01 22:00:00,Cash
CUST0089,56,Male,Home & Kitchen,2,238.28,2025-01-03 12:00:00,Debit Card
CUST0076,39,Male,Beauty,1,16.03,2025-03-14 13:00:00,UPI
CUST0133,64,Female,Books,1,24.92,2025-09-22 09:00:00,Credit Card
CUST0044,67,Male,,2,295.1,2025-12-25 18:00:00,UPI
CUST0151,64,Female,Beauty,1,10.67,2025-07-16 15:00:00,Credit Card
CUST0106,21,Male,Beauty,5,45.46,2025-06-21 09:00:00,Debit Card
CUST0135,32,Male,Sports,1,48.77,2025-03-08 20:00:00,Debit Card
CUST0172,44,Female,Home & Kitchen,5,65.72,2025-05-08 15:00:00,UPI
CUST0198,69,Other,Electronics,5,69.57,2025-02-24 16:00:00,UPI
CUST0111,43,Male,Sports,3,110.47,2025-02-20 12:00:00,Cash
CUST0106,21,Male,Electronics,4,1338.34,2025-08-17 09:00:00,UPI
CUST0048,29,Male,Clothing,4,63.93,2025-12-04 16:00:00,Credit Card
CUST0194,47,Female,Sports,4,191.26,2025-02-17 09:00:00,Cash
CUST0080,60,Male,Sports,3,291.53,2025-12-03 18:00:00,Debit Card
CUST0114,45,Male,,4,453.43,2025-06-24 22:00:00,Cash
CUST0170,27,Female,Sports,2,63.57,2025-12-25 09:00:00,Credit Card
CUST0192,33,Female,Home & Kitchen,3,453.34,2025-05-16 16:00:00,UPI
CUST0060,47,Male,Sports,5,151.23,2025-11-11 11:00:00,Debit Card
CUST0198,69,Other,Beauty,3,19.19,2025-01-08 17:00:00,Credit Card
CUST0044,67,Male,Home & Kitchen,2,266.44,2025-01-13 15:00:00,UPI
CUST0135,32,Male,Clothing,3,44.97,2025-08-08 13:00:00,UPI
CUST0147,32,Female,,1,462.33,2025-11-17 11:00:00,Credit Card
CUST0131,66,Male,,2,405.05,2025-02-08 10:00:00,UPI
CUST0199,48,Female,Home & Kitchen,5,239.24,2025-05-30 17:00:00,UPI
CUST0006,47,Female,Sports,5,151.66,2025-02-18 20:00:00,Debit Card
CUST0006,47,Female,Sports,4,,2025-05-25 12:00:00,Credit Card
CUST0142,22,Male,Clothing,3,25.83,2025-12-10 09:00:00,UPI
CUST0133,64,Female,Sports,4,220.92,2025-02-13 13:00:00,Debit Card
CUST0023,36,Male,Beauty,4,86.91,2025-08-31 21:00:00,Cash
CUST0180,56,Male,Clothing,4,132.53,2025-02-18 22:00:00,Credit Card
CUST0117,22,Other,Books,1,9.19,2025-07-08 22:00:00,Cash
CUST0122,44,Male,Home & Kitchen,5,149.16,2025-12-16 22:00:00,Debit Card
CUST0099,53,Female,Books,4,23.76,2025-01-15 12:00:00,Cash
CUST0137,30,Female,Sports,5,27.82,2025-01-12 13:00:00,Cash
CUST0173,26,Male,Beauty,1,67.77,2025-02-10 18:00:00,Cash
CUST0155,27,Other,Sports,2,55.86,2025-01-30 09:00:00,Credit Card
CUST0005,38,Female,Home & Kitchen,2,418.25,2025-10-24 15:00:00,Credit Card
CUST0133,64,Female,Sports,1,229.75,2025-12-04 22:00:00,Credit Card
CUST0175,59,Male,Clothing,4,199.52,2025-08-03 14:00:00,Cash
CUST0014,37,Female,Books,2,17.84,2025-11-07 09:00:00,Cash
CUST0192,33,Female,Books,1,22.07,2025-05-23 10:00:00,UPI
CUST0015,63,Male,Clothing,2,108.16,2025-10-16 18:00:00,Credit Card
CUST0046,65,Female,Electronics,4,,2025-11-25 21:00:00,Cash
CUST0073,33,Male,Books,4,45.96,2025-09-09 17:00:00,UPI
CUST0140,44,Female,Home & Kitchen,3,,2025-06-30 12:00:00,UPI
CUST0049,29,Female,,2,419.12,2025-06-21 14:00:00,UPI
CUST0058,49,Female,Clothing,3,165.07,2025-01-03 22:00:00,Credit Card
CUST0101,27,Male,Books,2,44.85,2025-11-18 16:00:00,UPI
CUST0172,44,Female,Sports,5,296.48,2025-03-09 13:00:00,Cash
CUST0117,22,Other,Electronics,1,299.15,2025-07-30 14:00:00,Debit Card
CUST0084,62,Male,Sports,4,35.35,2025-05-25 10:00:00,Credit Card
CUST0096,46,Female,Beauty,2,55.7,2025-01-13 14:00:00,Cash
CUST0004,48,Female,Home & Kitchen,1,367.93,2025-05-05 17:00:00,Debit Card
CUST0124,42,Male,Sports,4,200.89,2025-11-12 19:00:00,Debit Card
CUST0196,41,Female,Clothing,5,68.02,2025-08-30 09:00:00,UPI
CUST0135,32,Male,Books,2,30.13,2025-02-24 20:00:00,UPI
CUST0176,46,Female,Sports,4,108.31,2025-02-01 09:00:00,Debit Card
CUST0162,40,Female,Books,1,44.83,2025-04-08 10:00:00,Credit Card
CUST0076,39,Male,Beauty,1,22.76,2025-09-21 09:00:00,Cash
CUST0092,69,Female,Clothing,3,43.58,2025-10-03 18:00:00,Credit Card
CUST0041,30,Female,Home & Kitchen,5,349.66,2025-08-30 18:00:00,Cash
CUST0010,69,Female,Sports,1,,2025-08-29 09:00:00,Cash
CUST0182,66,Female,Sports,2,154.25,2025-01-10 13:00:00,Credit Card
CUST0108,54,Male,Beauty,2,72.61,2025-04-29 22:00:00,Cash
CUST0175,59,Male,Beauty,3,,2025-09-10 15:00:00,Credit Card
CUST0168,33,Female,Books,4,37.18,2025-05-23 20:00:00,UPI
CUST0091,48,Female,Clothing,1,55.25,2025-01-06 11:00:00,Cash
CUST0017,48,Male,,2,,2025-10-11 17:00:00,Credit Card
CUST0089,56,Male,Beauty,5,56.92,2025-05-11 22:00:00,Credit Card
CUST0167,66,Female,Beauty,1,50.04,2025-03-30 17:00:00,Credit Card
CUST0079,62,Male,Books,1,21.76,2025-03-14 08:00:00,Debit Card
CUST0098,54,Male,Electronics,4,338.02,2025-10-30 21:00:00,Credit Card
CUST0173,26,Male,Beauty,2,23.1,2025-05-17 12:00:00,Cash
CUST0186,18,Male,Sports,4,225.69,2025-05-23 13:00:00,Credit Card
CUST0167,66,Female,Home & Kitchen,3,227.8,2025-04-13 14:00:00,Cash
CUST0163,60,Male,Home & Kitchen,4,151.05,2025-06-14 13:00:00,Debit Card
CUST0192,33,Female,Sports,2,,2025-11-17 09:00:00,UPI
CUST0002,51,Male,Sports,1,296.18,2025-11-13 13:00:00,Debit Card
CUST0134,52,Male,Books,1,11.45,2025-10-30 09:00:00,Debit Card
CUST0105,50,Male,Electronics,1,608.0,2025-04-10 20:00:00,Cash
CUST0049,29,Female,Beauty,4,90.3,2025-02-09 09:00:00,Debit Card
CUST0033,51,Male,Books,2,28.54,2025-01-25 16:00:00,Credit Card
CUST0114,45,Male,Books,4,21.28,2025-09-16 09:00:00,UPI
CUST0195,40,Male,Home & Kitchen,1,62.52,2025-11-03 21:00:00,UPI
CUST0134,52,Male,Beauty,3,76.3,2025-06-19 13:00:00,Debit Card
CUST0199,48,Female,Electronics,3,1442.81,2025-12-06 14:00:00,Credit Card
CUST0196,41,Female,Sports,5,98.84,2025-05-07 08:00:00,UPI
CUST0018,68,Female,Beauty,4,88.03,2025-03-07 20:00:00,UPI
CUST0058,49,Female,Home & Kitchen,1,73.46,2025-10-31 22:00:00,Debit Card
CUST0097,41,Male,Home & Kitchen,3,81.13,2025-12-26 17:00:00,Cash
CUST0194,47,Female,Electronics,5,934.0,2025-02-22 21:00:00,Credit Card
CUST0091,48,Female,Home & Kitchen,5,27.81,2025-08-25 10:00:00,Debit Card
CUST0161,53,Female,Home & Kitchen,1,473.19,2025-04-26 10:00:00,UPI
CUST0145,21,Male,Home & Kitchen,4,382.39,2025-10-13 15:00:00,Debit Card
CUST0177,23,Female,Sports,1,216.33,2025-08-13 20:00:00,Cash
CUST0063,59,Male,Clothing,1,151.93,2025-12-23 19:00:00,Debit Card
CUST0090,62,Female,Beauty,4,98.75,2025-02-21 19:00:00,Cash
CUST0013,37,Male,Clothing,4,44.33,2025-12-14 20:00:00,Cash
CUST0109,47,Female,Clothing,5,141.75,2025-03-30 16:00:00,Debit Card
CUST0137,30,Female,Clothing,1,119.05,2025-11-29 11:00:00,Credit Card
CUST0198,69,Other,Home & Kitchen,3,59.82,2025-01-12 18:00:00,Credit Card
CUST0132,37,Male,Home & Kitchen,4,257.84,2025-02-27 13:00:00,Debit Card
CUST0022,67,Female,Sports,4,54.97,2025-03-24 10:00:00,Credit Card
CUST0147,32,Female,Electronics,5,1243.76,2025-01-22 20:00:00,Cash
CUST0172,44,Female,Electronics,4,249.36,2025-02-04 19:00:00,Debit Card
CUST0116,21,Female,Clothing,5,58.08,2025-11-06 21:00:00,UPI
CUST0190,33,Female,Sports,3,133.31,2025-02-16 20:00:00,UPI
CUST0155,27,Other,Sports,4,163.78,2025-01-23 19:00:00,Cash
CUST0151,64,Female,Books,5,5.64,2025-08-02 21:00:00,Credit Card
CUST0008,61,Female,Books,1,19.93,2025-07-26 17:00:00,Cash
CUST0149,21,Male,Beauty,1,18.5,2025-05-24 15:00:00,Credit Card
CUST0082,61,Female,Sports,4,137.35,2025-07-11 22:00:00,Credit Card
CUST0051,43,Female,Home & Kitchen,3,128.24,2025-08-11 21:00:00,Debit Card
CUST0040,48,Male,Books,2,36.52,2025-04-02 21:00:00,Cash
CUST0065,39,Female,Books,4,35.01,2025-07-02 09:00:00,Credit Card
CUST0054,18,Male,Clothing,1,22.12,2025-10-08 08:00:00,Credit Card
CUST0043,59,Male,Books,2,42.79,2025-09-08 19:00:00,UPI
CUST0144,61,Female,Beauty,2,72.92,2025-07-13 11:00:00,UPI
CUST0181,22,Male,Clothing,4,105.97,2025-03-05 18:00:00,Credit Card
CUST0126,52,Male,Sports,2,26.06,2025-11-11 14:00:00,Debit Card
CUST0030,24,Female,Home & Kitchen,5,176.54,2025-08-05 17:00:00,Cash
CUST0071,60,Male,Clothing,2,158.34,2025-09-11 16:00:00,Credit Card
CUST0167,66,Female,Books,4,5.71,2025-11-28 22:00:00,UPI
CUST0091,48,Female,Beauty,5,47.24,2025-01-23 08:00:00,Debit Card
CUST0174,34,Male,Clothing,5,122.25,2025-01-05 16:00:00,Cash
CUST0154,33,Male,Clothing,1,106.32,2025-02-09 11:00:00,Debit Card
CUST0032,21,Female,Sports,3,110.03,2025-01-29 18:00:00,Credit Card
CUST0091,48,Female,Books,1,30.24,2025-04-12 09:00:00,Debit Card
CUST0129,26,Female,Electronics,3,674.4,2025-03-03 16:00:00,Debit Card
CUST0124,42,Male,Books,3,24.22,2025-05-13 16:00:00,UPI
CUST0121,64,Female,Books,5,45.48,2025-07-08 20:00:00,Credit Card
CUST0199,48,Female,Beauty,4,22.25,2025-05-09 21:00:00,Cash
CUST0022,67,Female,Home & Kitchen,2,375.03,2025-02-24 09:00:00,Credit Card
CUST0196,41,Female,Clothing,4,154.72,2025-03-18 21:00:00,UPI
CUST0115,22,Female,Home & Kitchen,5,351.41,2025-01-13 15:00:00,Credit Card
CUST0112,18,Female,Electronics,5,1400.43,2025-01-12 10:00:00,UPI
CUST0171,21,Female,Beauty,1,68.22,2025-11-21 19:00:00,Cash
CUST0100,30,Female,Sports,2,73.61,2025-06-03 17:00:00,UPI
CUST0134,52,Male,Home & Kitchen,3,,2025-10-23 18:00:00,UPI
CUST0182,66,Female,Electronics,4,1151.52,2025-03-25 12:00:00,UPI
CUST0145,21,Male,Beauty,4,97.55,2025-07-11 16:00:00,Credit Card
CUST0101,27,Male,Electronics,2,738.43,2025-08-20 18:00:00,UPI
CUST0130,32,Female,Beauty,1,33.49,2025-04-05 21:00:00,Debit Card
CUST0142,22,Male,Home & Kitchen,5,246.61,2025-07-07 14:00:00,Debit Card
CUST0021,43,Female,Beauty,2,59.72,2025-04-12 22:00:00,Debit Card
CUST0065,39,Female,Electronics,4,1032.96,2025-12-22 10:00:00,UPI
CUST0128,52,Male,Clothing,1,20.27,2025-04-18 14:00:00,UPI
CUST0058,49,Female,Home & Kitchen,3,362.12,2025-05-21 14:00:00,Cash
CUST0190,33,Female,Clothing,5,11.51,2025-05-29 14:00:00,Debit Card
CUST0148,66,Female,Clothing,1,116.87,2025-01-18 09:00:00,Credit Card
CUST0084,62,Male,Books,5,10.82,2025-11-26 12:00:00,UPI
CUST0023,36,Male,Sports,4,125.36,2025-06-23 16:00:00,Credit Card
CUST0184,48,Male,Beauty,1,59.04,2025-10-11 18:00:00,Cash
CUST0022,67,Female,Home & Kitchen,2,319.53,2025-03-18 09:00:00,Debit Card
CUST0008,61,Female,Books,4,27.08,2025-07-12 14:00:00,Debit Card
CUST0181,22,Male,Electronics,2,930.61,2025-01-28 09:00:00,UPI
CUST0054,18,Male,Beauty,3,26.6,2025-12-16 16:00:00,Credit Card
CUST0090,62,Female,Electronics,4,1009.51,2025-12-31 20:00:00,Credit Card
CUST0158,53,Female,Beauty,5,93.09,2025-08-16 16:00:00,Credit Card
CUST0046,65,Female,Home & Kitchen,1,328.94,2025-10-19 08:00:00,Credit Card
CUST0017,48,Male,Home & Kitchen,1,358.19,2025-10-23 19:00:00,Debit Card
CUST0037,67,Male,Electronics,5,,2025-01-21 22:00:00,Debit Card
CUST0029,62,Male,Beauty,1,15.17,2025-04-03 09:00:00,Credit Card
CUST0076,39,Male,Books,2,28.56,2025-05-08 20:00:00,Cash
CUST0146,20,Male,Home & Kitchen,2,91.05,2025-04-24 22:00:00,UPI
CUST0023,36,Male,Home & Kitchen,5,76.33,2025-08-11 20:00:00,Cash
CUST0200,38,Female,Home & Kitchen,2,191.8,2025-03-24 08:00:00,Cash
CUST0019,36,Male,Electronics,2,504.55,2025-12-30 12:00:00,Cash
CUST0035,44,Male,Electronics,4,656.42,2025-04-23 22:00:00,UPI
CUST0197,49,Male,Books,3,25.96,2025-03-19 18:00:00,UPI
CUST0151,64,Female,Sports,3,122.72,2025-11-28 10:00:00,Cash
CUST0053,36,Female,Beauty,3,,2025-03-02 16:00:00,UPI
CUST0078,34,Female,Sports,3,63.95,2025-09-05 13:00:00,UPI
CUST0129,26,Female,Sports,5,126.33,2025-12-02 10:00:00,UPI
CUST0185,39,Male,Electronics,2,1220.3,2025-08-23 18:00:00,Debit Card
CUST0124,42,Male,Electronics,3,978.86,2025-05-14 18:00:00,UPI
CUST0184,48,Male,Beauty,4,51.58,2025-11-28 20:00:00,Credit Card
CUST0014,37,Female,Electronics,1,543.86,2025-11-01 14:00:00,UPI
CUST0034,32,Male,Books,5,20.66,2025-07-26 09:00:00,Credit Card
CUST0141,19,Male,,5,27.64,2025-09-09 08:00:00,UPI
CUST0008,61,Female,Books,2,10.79,2025-12-19 11:00:00,UPI
CUST0182,66,Female,Beauty,4,74.59,2025-11-28 13:00:00,UPI
CUST0169,37,Female,Clothing,4,123.83,2025-06-12 09:00:00,Debit Card
CUST0148,66,Female,Beauty,3,35.58,2025-04-26 09:00:00,UPI
CUST0055,56,Male,Beauty,1,56.57,2025-11-16 14:00:00,Credit Card
CUST0159,65,Female,Books,3,28.06,2025-06-10 13:00:00,Credit Card
CUST0164,51,Male,Books,4,49.96,2025-07-08 19:00:00,Credit Card
CUST0180,56,Male,Home & Kitchen,1,211.49,2025-06-25 09:00:00,Debit Card
CUST0006,47,Female,Beauty,1,77.09,2025-11-01 16:00:00,Debit Card
CUST0132,37,Male,Sports,1,99.48,2025-06-14 16:00:00,Credit Card
CUST0113,55,Male,Home & Kitchen,5,85.34,2025-12-22 11:00:00,Cash
CUST0104,55,Female,Beauty,2,67.94,2025-04-07 16:00:00,Cash
CUST0143,20,Male,Home & Kitchen,3,355.2,2025-06-14 20:00:00,Debit Card
CUST0065,39,Female,Sports,2,274.63,2025-08-19 18:00:00,Cash
CUST0088,47,Female,Beauty,5,50.88,2025-08-13 19:00:00,Cash
CUST0071,60,Male,Clothing,1,78.45,2025-06-20 11:00:00,UPI
CUST0074,42,Male,Electronics,4,1394.49,2025-12-15 10:00:00,UPI
CUST0104,55,Female,Books,1,,2025-12-19 21:00:00,Cash
CUST0039,28,Male,Sports,2,42.03,2025-03-18 12:00:00,UPI
CUST0127,40,Male,Beauty,5,44.55,2025-12-22 10:00:00,Credit Card
CUST0144,61,Female,Books,5,8.83,2025-10-05 17:00:00,Credit Card
CUST0026,65,Male,Beauty,2,99.75,2025-08-21 22:00:00,Cash
CUST0169,37,Female,Books,4,18.63,2025-11-12 13:00:00,Cash
CUST0039,28,Male,Home & Kitchen,5,343.78,2025-08-23 18:00:00,Debit Card
CUST0014,37,Female,Electronics,2,1212.16,2025-03-26 15:00:00,Credit Card
CUST0168,33,Female,Electronics,3,826.44,2025-10-02 14:00:00,Debit Card
CUST0193,67,Male,Clothing,3,66.11,2025-08-19 19:00:00,UPI
CUST0044,67,Male,Electronics,5,992.9,2025-09-02 21:00:00,Debit Card
CUST0126,52,Male,Beauty,4,97.2,2025-09-08 12:00:00,Credit Card
CUST0189,66,Male,Electronics,5,1233.22,2026-01-01 11:00:00,Cash
CUST0117,22,Other,Home & Kitchen,3,97.51,2025-07-06 13:00:00,Credit Card
CUST0043,59,Male,Beauty,3,12.39,2025-03-12 16:00:00,Cash
CUST0012,33,Male,Books,4,15.51,2025-11-10 20:00:00,Credit Card
CUST0173,26,Male,Home & Kitchen,4,184.37,2025-04-04 11:00:00,Credit Card
CUST0139,20,Female,Electronics,4,475.64,2025-11-20 17:00:00,Cash
CUST0057,59,Female,Home & Kitchen,5,322.3,2025-07-22 10:00:00,Cash
CUST0013,37,Male,Clothing,2,172.85,2025-12-13 11:00:00,UPI
CUST0143,20,Male,Electronics,1,294.34,2025-09-28 08:00:00,Credit Card
CUST0189,66,Male,Sports,2,229.65,2025-06-14 13:00:00,UPI
CUST0060,47,Male,Home & Kitchen,1,290.78,2025-10-24 16:00:00,Cash
CUST0193,67,Male,Home & Kitchen,4,495.05,2025-10-03 10:00:00,Cash
CUST0058,49,Female,Clothing,1,133.5,2025-08-24 17:00:00,Credit Card
CUST0020,61,Female,Electronics,2,1358.62,2025-03-07 09:00:00,UPI
CUST0063,59,Male,Home & Kitchen,5,495.82,2025-01-19 11:00:00,Debit Card
CUST0052,29,Female,,4,155.28,2025-08-04 22:00:00,Cash
CUST0191,63,Male,Clothing,3,39.78,2025-08-21 18:00:00,Credit Card
CUST0116,21,Female,Home & Kitchen,1,230.75,2025-05-02 11:00:00,UPI
CUST0089,56,Male,Clothing,3,152.3,2025-05-26 08:00:00,Cash
CUST0177,23,Female,Home & Kitchen,1,167.73,2025-06-15 20:00:00,Credit Card
CUST0157,37,Male,Electronics,5,458.75,2025-12-19 21:00:00,Debit Card
CUST0180,56,Male,Sports,5,195.29,2025-11-16 19:00:00,UPI
CUST0165,44,Male,Beauty,2,19.31,2025-05-06 21:00:00,Debit Card
CUST0136,40,Male,Electronics,5,804.49,2025-04-10 21:00:00,UPI
CUST0183,60,Female,Clothing,3,194.74,2025-07-31 13:00:00,Credit Card
CUST0135,32,Male,Clothing,5,110.03,2025-05-17 20:00:00,Cash
CUST0159,65,Female,,1,414.47,2025-06-15 21:00:00,Cash
CUST0101,27,Male,Books,3,34.12,2025-08-24 17:00:00,Credit Card
CUST0078,34,Female,Books,1,41.25,2025-04-13 09:00:00,Credit Card
CUST0127,40,Male,Beauty,2,67.76,2025-03-27 11:00:00,UPI
CUST0155,27,Other,Electronics,2,687.85,2025-09-21 18:00:00,UPI
CUST0048,29,Male,Home & Kitchen,3,180.46,2025-12-09 08:00:00,Debit Card
CUST0029,62,Male,,2,159.97,2025-05-16 17:00:00,UPI
CUST0103,61,Male,,4,251.1,2025-09-21 22:00:00,Debit Card
CUST0146,20,Male,Clothing,5,79.05,2025-07-29 13:00:00,UPI
CUST0101,27,Male,Home & Kitchen,1,421.75,2025-02-11 15:00:00,Cash
CUST0001,21,Female,,3,301.92,2025-06-04 08:00:00,UPI
CUST0051,43,Female,Books,3,16.49,2025-01-12 10:00:00,Credit Card
CUST0122,44,Male,Sports,5,158.45,2025-09-04 18:00:00,Debit Card
CUST0062,28,Female,Home & Kitchen,4,105.24,2025-10-28 16:00:00,UPI
CUST0046,65,Female,,4,333.76,2025-07-19 22:00:00,Credit Card
CUST0078,34,Female,Electronics,1,326.66,2025-12-23 11:00:00,Credit Card
CUST0047,20,Female,Sports,3,295.46,2025-11-01 22:00:00,Debit Card
CUST0111,43,Male,Home & Kitchen,4,216.98,2025-04-27 14:00:00,Debit Card
CUST0155,27,Other,Clothing,2,45.11,2025-02-16 10:00:00,UPI
CUST0001,21,Female,Clothing,2,70.85,2025-09-02 21:00:00,Credit Card
CUST0119,44,Male,Books,3,7.39,2025-03-18 18:00:00,Cash
CUST0113,55,Male,Books,2,5.56,2025-01-11 21:00:00,Cash
CUST0039,28,Male,Electronics,5,918.16,2025-05-18 19:00:00,Debit Card
CUST0049,29,Female,Beauty,4,75.39,2025-07-11 21:00:00,Credit Card
CUST0158,53,Female,Beauty,3,38.22,2025-04-19 08:00:00,Debit Card
CUST0062,28,Female,Clothing,5,24.25,2025-11-18 15:00:00,Credit Card
CUST0037,67,Male,Electronics,1,602.76,2025-07-18 20:00:00,Credit Card
CUST0036,48,Male,Electronics,4,1455.97,2025-01-04 11:00:00,Cash
CUST0178,30,Male,Books,3,16.58,2025-05-22 20:00:00,Credit Card
CUST0096,46,Female,Home & Kitchen,4,212.12,2025-07-17 19:00:00,Cash
CUST0051,43,Female,Books,5,43.57,2025-01-02 14:00:00,Credit Card
CUST0057,59,Female,Sports,2,120.2,2025-01-01 17:00:00,Cash
CUST0098,54,Male,Clothing,2,124.02,2025-05-25 19:00:00,Debit Card
CUST0010,69,Female,Beauty,3,,2025-09-01 22:00:00,UPI
CUST0003,38,Other,Home & Kitchen,3,395.9,2025-07-27 21:00:00,Credit Card
CUST0171,21,Female,Home & Kitchen,2,126.98,2025-07-15 09:00:00,Debit Card
CUST0155,27,Other,Sports,5,175.26,2025-08-22 13:00:00,UPI
CUST0042,36,Male,Clothing,4,11.1,2025-12-30 11:00:00,Credit Card
CUST0105,50,Male,Sports,1,158.4,2025-03-01 20:00:00,UPI
CUST0094,61,Female,Beauty,2,59.28,2025-12-18 11:00:00,Credit Card
CUST0017,48,Male,Books,3,30.64,2025-01-15 19:00:00,Cash
CUST0034,32,Male,Sports,5,222.82,2025-04-03 22:00:00,Debit Card
CUST0182,66,Female,Books,3,25.1,2025-05-08 19:00:00,Credit Card
CUST0068,58,Female,Electronics,5,577.24,2025-09-25 15:00:00,Debit Card
CUST0184,48,Male,Home & Kitchen,4,42.32,2025-12-11 17:00:00,Credit Card
CUST0038,53,Other,Books,1,31.95,2025-12-19 09:00:00,UPI
CUST0198,69,Other,Sports,3,53.16,2025-02-16 14:00:00,UPI
CUST0031,55,Male,Sports,4,60.11,2025-08-29 19:00:00,UPI
CUST0089,56,Male,Books,2,25.44,2025-04-25 10:00:00,UPI
CUST0176,46,Female,,3,258.67,2025-07-29 08:00:00,UPI
CUST0119,44,Male,Clothing,5,184.62,2025-03-14 15:00:00,Cash
CUST0196,41,Female,Sports,3,,2025-10-06 10:00:00,Credit Card
CUST0130,32,Female,Home & Kitchen,5,102.37,2025-12-03 08:00:00,Debit Card
CUST0120,26,Female,Books,1,11.92,2025-01-27 20:00:00,UPI
CUST0054,18,Male,Beauty,2,46.4,2025-10-03 11:00:00,Credit Card
CUST0076,39,Male,Clothing,2,82.17,2025-09-13 16:00:00,UPI
CUST0046,65,Female,Clothing,3,,2025-12-25 13:00:00,Debit Card
CUST0037,67,Male,Home & Kitchen,2,395.37,2025-08-05 22:00:00,Cash
CUST0078,34,Female,Beauty,4,,2025-12-11 12:00:00,Cash
CUST0039,28,Male,Books,1,47.88,2025-04-21 20:00:00,Debit Card
CUST0096,46,Female,Books,1,38.66,2025-11-20 08:00:00,Debit Card
CUST0157,37,Male,Clothing,2,71.52,2025-07-22 20:00:00,Debit Card
CUST0068,58,Female,Clothing,5,77.22,2025-07-17 09:00:00,UPI
CUST0099,53,Female,Home & Kitchen,4,310.2,2025-05-02 19:00:00,UPI
CUST0074,42,Male,Home & Kitchen,2,,2025-04-18 14:00:00,UPI
CUST0108,54,Male,Beauty,1,63.79,2025-11-14 16:00:00,Credit Card
CUST0087,26,Male,Home & Kitchen,2,228.35,2025-01-19 18:00:00,Debit Card
CUST0166,37,Male,Books,4,38.83,2025-01-11 22:00:00,Credit Card
CUST0154,33,Male,Sports,1,107.63,2025-10-19 18:00:00,Cash
CUST0196,41,Female,Clothing,2,132.76,2025-04-10 11:00:00,UPI
CUST0039,28,Male,Electronics,1,319.61,2025-05-18 10:00:00,Cash
CUST0121,64,Female,Home & Kitchen,5,125.46,2025-06-23 22:00:00,Cash
CUST0184,48,Male,Clothing,4,,2025-09-10 22:00:00,Debit Card
CUST0059,26,Female,Clothing,5,100.68,2025-01-27 13:00:00,Credit Card
CUST0083,63,Female,Books,3,5.64,2025-03-17 15:00:00,UPI
CUST0023,36,Male,Electronics,2,613.33,2025-11-28 20:00:00,Debit Card
CUST0135,32,Male,Books,1,18.08,2025-09-02 12:00:00,Debit Card
CUST0165,44,Male,Beauty,4,80.82,2025-01-31 22:00:00,UPI
CUST0144,61,Female,Home & Kitchen,5,197.21,2025-06-11 15:00:00,Cash
CUST0058,49,Female,,3,414.17,2025-03-16 20:00:00,UPI
CUST0127,40,Male,Beauty,4,19.91,2025-07-24 12:00:00,Credit Card
CUST0104,55,Female,Beauty,4,7.26,2025-10-15 15:00:00,Cash
CUST0078,34,Female,Home & Kitchen,2,150.49,2025-02-10 13:00:00,Cash
CUST0010,69,Female,Beauty,5,61.15,2025-12-14 22:00:00,Cash
CUST0186,18,Male,Home & Kitchen,3,212.17,2025-06-10 15:00:00,Credit Card
CUST0181,22,Male,Home & Kitchen,1,59.48,2025-07-17 12:00:00,Cash
CUST0078,34,Female,Home & Kitchen,2,88.23,2025-01-25 22:00:00,UPI
CUST0043,59,Male,Sports,4,72.5,2025-02-08 21:00:00,Debit Card
CUST0032,21,Female,Home & Kitchen,3,421.28,2025-08-16 15:00:00,Credit Card
CUST0195,40,Male,Sports,1,220.77,2025-12-03 13:00:00,Debit Card
CUST0020,61,Female,Sports,2,94.8,2025-02-22 10:00:00,Cash
CUST0145,21,Male,Books,4,20.24,2025-09-03 22:00:00,Credit Card
CUST0133,64,Female,Clothing,4,35.92,2025-11-24 21:00:00,Debit Card
CUST0132,37,Male,Clothing,2,155.29,2025-03-27 16:00:00,UPI
CUST0165,44,Male,Beauty,3,31.05,2025-10-20 21:00:00,Credit Card
CUST0068,58,Female,Books,1,18.25,2025-10-07 18:00:00,Credit Card
CUST0190,33,Female,Electronics,1,1451.81,2025-06-30 16:00:00,Credit Card
CUST0023,36,Male,Books,3,23.73,2025-09-01 19:00:00,Debit Card
CUST0020,61,Female,Sports,4,203.8,2025-05-30 12:00:00,UPI
CUST0197,49,Male,Home & Kitchen,3,288.09,2025-12-04 18:00:00,Debit Card
CUST0028,35,Female,Electronics,4,384.69,2025-01-16 09:00:00,Credit Card
CUST0113,55,Male,Beauty,1,32.83,2025-01-21 13:00:00,Cash
CUST0043,59,Male,Sports,5,121.67,2025-04-02 13:00:00,UPI
CUST0017,48,Male,Home & Kitchen,3,456.44,2025-03-16 21:00:00,Debit Card
CUST0059,26,Female,Electronics,1,447.1,2025-03-16 14:00:00,Credit Card
CUST0194,47,Female,Clothing,1,67.87,2025-08-20 15:00:00,UPI
CUST0071,60,Male,Beauty,3,48.02,2025-07-31 17:00:00,UPI
CUST0140,44,Female,Electronics,4,394.92,2025-09-01 15:00:00,Cash
CUST0110,37,Female,Books,2,37.48,2025-04-01 17:00:00,Debit Card
CUST0071,60,Male,Beauty,2,33.99,2025-06-06 14:00:00,UPI
CUST0018,68,Female,Beauty,1,32.82,2025-12-22 21:00:00,UPI
CUST0074,42,Male,Books,4,20.61,2025-06-02 14:00:00,Debit Card
CUST0147,32,Female,Clothing,2,106.39,2025-08-16 08:00:00,Credit Card
CUST0096,46,Female,Sports,4,93.31,2025-04-06 12:00:00,Credit Card
CUST0131,66,Male,Home & Kitchen,3,,2025-07-15 19:00:00,Cash
CUST0078,34,Female,Beauty,4,7.07,2025-03-20 19:00:00,Cash
CUST0014,37,Female,Home & Kitchen,4,455.95,2025-12-10 20:00:00,Credit Card
CUST0175,59,Male,Beauty,3,88.35,2025-01-22 17:00:00,Credit Card
CUST0004,48,Female,Sports,5,239.98,2025-10-21 10:00:00,UPI
CUST0107,50,Male,Beauty,5,47.98,2025-07-13 15:00:00,Debit Card
CUST0198,69,Other,Clothing,4,60.35,2025-03-22 20:00:00,UPI
CUST0179,42,Female,Books,3,32.24,2025-03-17 12:00:00,Debit Card
CUST0040,48,Male,Books,5,45.32,2025-07-31 22:00:00,Credit Card
CUST0178,30,Male,Books,2,10.97,2025-11-28 09:00:00,Credit Card
CUST0101,27,Male,Electronics,4,595.96,2025-12-04 10:00:00,UPI
CUST0014,37,Female,Beauty,1,48.97,2025-09-23 15:00:00,Credit Card
CUST0029,62,Male,Sports,3,56.23,2025-03-07 10:00:00,Cash
CUST0057,59,Female,Electronics,2,,2025-09-20 09:00:00,UPI
CUST0141,19,Male,Sports,1,28.05,2025-03-13 21:00:00,Cash
CUST0022,67,Female,Books,5,23.63,2025-04-27 16:00:00,Credit Card
CUST0078,34,Female,Sports,5,139.21,2025-10-24 10:00:00,Debit Card
CUST0162,40,Female,Clothing,4,85.16,2025-04-12 15:00:00,Cash
CUST0070,38,Male,Books,2,31.26,2025-06-13 21:00:00,Debit Card
CUST0111,43,Male,,1,272.07,2025-11-13 09:00:00,Credit Card
CUST0048,29,Male,Beauty,2,20.56,2025-07-29 20:00:00,Credit Card
CUST0126,52,Male,Clothing,5,63.25,2025-10-23 10:00:00,Credit Card
CUST0053,36,Female,Sports,3,92.25,2025-05-26 17:00:00,Debit Card
CUST0031,55,Male,Clothing,1,128.29,2025-08-23 15:00:00,Cash
CUST0109,47,Female,Clothing,2,50.68,2025-07-29 12:00:00,Credit Card
CUST0034,32,Male,Books,1,8.44,2025-12-27 20:00:00,Cash
CUST0141,19,Male,Books,1,15.6,2025-10-16 22:00:00,Credit Card
CUST0122,44,Male,Electronics,3,700.07,2025-03-24 12:00:00,Debit Card
CUST0089,56,Male,Books,2,39.82,2025-09-08 17:00:00,Cash
CUST0128,52,Male,Electronics,5,830.44,2025-04-27 13:00:00,UPI
CUST0113,55,Male,Home & Kitchen,2,,2025-06-12 13:00:00,Debit Card
CUST0041,30,Female,Beauty,4,24.22,2025-03-09 22:00:00,UPI
CUST0193,67,Male,Books,1,18.47,2025-10-18 21:00:00,Cash
CUST0052,29,Female,Books,4,19.9,2025-08-28 17:00:00,Debit Card
CUST0048,29,Male,Clothing,2,42.45,2025-10-07 11:00:00,Cash
CUST0108,54,Male,Clothing,3,53.71,2025-04-27 09:00:00,Debit Card
CUST0070,38,Male,Beauty,2,76.99,2025-08-13 21:00:00,Cash
CUST0108,54,Male,Books,2,10.09,2025-01-31 21:00:00,Debit Card
CUST0080,60,Male,Beauty,4,20.08,2025-06-08 17:00:00,Debit Card
CUST0163,60,Male,Books,3,38.98,2025-11-05 11:00:00,Debit Card
CUST0053,36,Female,Sports,2,243.41,2025-04-24 17:00:00,Cash
CUST0156,51,Male,Books,2,19.45,2025-07-13 10:00:00,Debit Card
CUST0056,39,Male,Home & Kitchen,5,,2025-08-26 22:00:00,Cash
CUST0004,48,Female,Clothing,1,98.93,2025-07-04 16:00:00,Cash
CUST0014,37,Female,Home & Kitchen,2,472.9,2025-11-14 15:00:00,Credit Card
CUST0122,44,Male,Electronics,4,244.98,2025-11-19 16:00:00,UPI
CUST0067,30,Male,Electronics,3,158.81,2025-11-10 20:00:00,Cash
CUST0045,54,Male,Beauty,1,68.53,2025-04-26 12:00:00,Debit Card
CUST0115,22,Female,Beauty,5,,2025-09-30 18:00:00,UPI
CUST0183,60,Female,Clothing,3,194.74,2025-07-31 13:00:00,Credit Card
CUST0025,46,Female,Clothing,1,81.38,2025-05-17 22:00:00,Cash
CUST0095,68,Male,Sports,3,296.72,2025-12-28 14:00:00,Debit Card
CUST0047,20,Female,,2,333.24,2025-01-17 09:00:00,UPI
CUST0028,35,Female,Home & Kitchen,2,77.96,2025-04-21 15:00:00,Debit Card
CUST0172,44,Female,Home & Kitchen,2,423.51,2025-04-03 12:00:00,Credit Card
CUST0015,63,Male,Clothing,5,173.15,2025-04-11 11:00:00,Debit Card
CUST0182,66,Female,Home & Kitchen,1,76.74,2025-03-02 19:00:00,Debit Card
CUST0186,18,Male,Sports,4,75.09,2025-06-12 22:00:00,UPI
CUST0033,51,Male,Electronics,1,1050.57,2025-03-09 16:00:00,Cash
CUST0195,40,Male,Electronics,5,1162.98,2025-04-14 12:00:00,Cash
CUST0033,51,Male,Books,1,33.69,2025-09-08 09:00:00,Debit Card
CUST0178,30,Male,Electronics,4,,2025-04-21 15:00:00,Cash
CUST0043,59,Male,Books,5,34.18,2025-02-24 19:00:00,Credit Card
CUST0053,36,Female,Books,3,,2025-07-31 14:00:00,UPI
CUST0193,67,Male,Sports,1,112.17,2025-08-11 21:00:00,Cash
CUST0188,25,Female,Clothing,5,125.17,2025-07-16 14:00:00,Debit Card
CUST0193,67,Male,Home & Kitchen,4,70.85,2025-04-24 16:00:00,Debit Card
CUST0174,34,Male,Home & Kitchen,3,105.41,2025-12-12 16:00:00,Debit Card
CUST0144,61,Female,Books,2,49.16,2025-02-28 18:00:00,Cash
CUST0086,32,Male,Home & Kitchen,4,215.45,2025-06-27 19:00:00,UPI
CUST0129,26,Female,Home & Kitchen,4,29.24,2025-09-10 08:00:00,Cash
CUST0182,66,Female,Beauty,4,13.62,2025-04-13 11:00:00,UPI
CUST0039,28,Male,Electronics,1,387.85,2025-12-22 22:00:00,Credit Card
CUST0103,61,Male,Books,4,,2025-10-18 10:00:00,Credit Card
CUST0085,36,Male,Home & Kitchen,3,376.61,2025-11-06 13:00:00,Debit Card
CUST0018,68,Female,Beauty,2,41.35,2025-03-20 12:00:00,Credit Card
CUST0052,29,Female,Home & Kitchen,4,188.29,2025-07-05 20:00:00,Debit Card
CUST0114,45,Male,,5,324.1,2025-02-22 14:00:00,UPI
CUST0183,60,Female,Books,3,42.8,2025-06-19 22:00:00,Cash
CUST0140,44,Female,Sports,2,279.7,2025-04-17 17:00:00,Debit Card
CUST0073,33,Male,Books,3,23.58,2025-04-04 10:00:00,UPI
CUST0117,22,Other,,1,324.27,2025-08-16 20:00:00,Debit Card
CUST0117,22,Other,Electronics,2,1091.64,2025-02-28 19:00:00,Cash
CUST0084,62,Male,Sports,2,242.28,2025-08-14 21:00:00,UPI
CUST0088,47,Female,Beauty,4,18.61,2025-04-03 20:00:00,Credit Card
CUST0025,46,Female,Clothing,5,174.51,2025-12-30 12:00:00,Cash
CUST0079,62,Male,Beauty,3,14.71,2025-08-09 15:00:00,Cash
CUST0060,47,Male,Books,1,23.99,2025-02-02 12:00:00,Cash
CUST0067,30,Male,Books,4,41.41,2025-05-14 22:00:00,Credit Card
CUST0191,63,Male,Electronics,2,1287.33,2025-10-23 19:00:00,Credit Card
CUST0063,59,Male,Beauty,1,36.35,2025-08-23 22:00:00,Cash
CUST0122,44,Male,Books,4,49.44,2025-03-17 20:00:00,Cash
CUST0100,30,Female,Clothing,3,145.26,2025-01-31 15:00:00,Debit Card
CUST0172,44,Female,Beauty,1,87.27,2025-10-20 18:00:00,UPI
CUST0019,36,Male,Clothing,4,59.01,2025-05-12 20:00:00,Cash
CUST0200,38,Female,Home & Kitchen,2,251.88,2025-07-30 15:00:00,Credit Card
CUST0154,33,Male,Beauty,2,95.48,2025-10-23 08:00:00,UPI
CUST0011,57,Female,Electronics,5,469.41,2025-01-01 08:00:00,Cash
CUST0129,26,Female,Books,1,7.85,2025-09-06 16:00:00,Credit Card
CUST0026,65,Male,Electronics,1,922.16,2025-04-25 21:00:00,UPI
CUST0050,20,Other,Electronics,5,395.8,2025-10-04 18:00:00,UPI
CUST0148,66,Female,Beauty,5,91.52,2025-11-07 16:00:00,Debit Card
CUST0111,43,Male,Beauty,4,35.12,2025-04-02 15:00:00,Debit Card
CUST0133,64,Female,Home & Kitchen,2,267.86,2025-06-26 15:00:00,Cash
CUST0027,30,Female,Electronics,5,184.94,2025-06-16 21:00:00,Cash
CUST0047,20,Female,Electronics,1,1261.3,2025-07-23 13:00:00,Credit Card
CUST0176,46,Female,Beauty,3,,2025-11-14 09:00:00,Credit Card
CUST0085,36,Male,Sports,5,187.36,2025-11-12 18:00:00,Cash
CUST0041,30,Female,Electronics,4,562.04,2025-10-28 11:00:00,Credit Card
CUST0004,48,Female,Clothing,3,113.96,2025-02-14 15:00:00,Credit Card
CUST0124,42,Male,Books,1,48.68,2025-09-17 09:00:00,Cash
CUST0024,63,Male,Books,2,40.04,2025-12-23 16:00:00,Debit Card
CUST0155,27,Other,Sports,2,18.52,2025-11-26 19:00:00,Cash
CUST0196,41,Female,Beauty,5,55.41,2025-01-19 18:00:00,Credit Card
CUST0141,19,Male,Home & Kitchen,4,386.81,2025-06-15 17:00:00,Debit Card
CUST0171,21,Female,Electronics,2,1367.67,2025-10-11 09:00:00,UPI
CUST0158,53,Female,Books,4,27.18,2025-10-20 11:00:00,Debit Card
CUST0001,21,Female,Beauty,5,50.63,2025-04-16 10:00:00,UPI
CUST0024,63,Male,Books,2,47.52,2025-01-30 09:00:00,UPI
CUST0063,59,Male,Home & Kitchen,3,130.83,2025-03-01 19:00:00,Debit Card
CUST0138,64,Female,Electronics,3,1405.8,2025-12-16 10:00:00,Debit Card
CUST0058,49,Female,Home & Kitchen,3,150.2,2025-07-10 09:00:00,Credit Card
CUST0082,61,Female,Beauty,5,88.91,2025-11-27 11:00:00,Credit Card
CUST0139,20,Female,Books,5,13.4,2025-08-28 12:00:00,Debit Card
CUST0038,53,Other,Sports,1,123.85,2025-02-10 13:00:00,UPI
CUST0056,39,Male,Sports,4,218.89,2025-02-07 09:00:00,UPI
CUST0128,52,Male,Clothing,1,55.22,2025-03-27 18:00:00,Credit Card
CUST0049,29,Female,Electronics,3,1259.55,2025-08-21 17:00:00,UPI
CUST0156,51,Male,Beauty,1,67.38,2025-10-06 11:00:00,Cash
CUST0109,47,Female,Home & Kitchen,5,135.89,2025-06-22 22:00:00,UPI
CUST0079,62,Male,Home & Kitchen,3,235.86,2025-07-21 20:00:00,Cash
CUST0178,30,Male,Clothing,1,129.62,2025-11-21 19:00:00,Debit Card
CUST0114,45,Male,Clothing,1,43.41,2025-03-15 22:00:00,Debit Card
CUST0199,48,Female,Beauty,2,62.53,2025-06-24 13:00:00,Credit Card
